{"version":7,"hash":{"type":"Buffer","data":"tI2uaLIrK6Fu5CzprHzOxLOcamvLr5ApMS26iqDw61U7QDml/zN1KYbxkYC5WI5f1lU1fyw8HcYetMaE+qTuqKNOHs5Oi3SBI/S14t63jkXQWXe1VjfNu51hGH+oX1kFAxpg1lUWQBZQBhfzzDG0yaJI/Bz8XwMZBF+RvDiNFms="},"indexValueMap":{"RlrkQzK8APDIfyQOZa0W7y7tLBH8/Y4YbEdUrivcpwg=":{"valueMac":{"type":"Buffer","data":"wyb+qNGJI3RmumEpfk1xoVjfyVmCPcGCI0TWO2F6nHk="}},"E3lW5kGOiYMmL98YnqnsknL02LNj3vfgAPBShqt+n3Y=":{"valueMac":{"type":"Buffer","data":"VhDYQPPJJi3eidMhMp1mMbsgzswm/hr+Mn44ZpgZdkI="}},"qa7+dX7xMjMEVB5b1HKPdPUy0eSPB1wAQcEOXpNHX9c=":{"valueMac":{"type":"Buffer","data":"i/HD+a1oM0U9I8lZDcTUUL2wHd8BOfxUF0QjtXRjTm8="}},"iZw/45er4JxoBUBxEEhjTRskehP82ecR2vCMwzpkZvk=":{"valueMac":{"type":"Buffer","data":"Obace6w1mGRo/Px4D47FVnuRRJAtHwMUV+XGmA1JXBk="}},"7rM8erBL/ovUSidtYoQ6q9LplF4hLZNXb204nyz2jYw=":{"valueMac":{"type":"Buffer","data":"Dyplx4FYSYQCaDTzKV0qqYxeAOgb3Zs44XSmiZj9bks="}},"1P7UXjCMRljwumd80Tno1fn/mR4luxWF6WsqGmfuSfE=":{"valueMac":{"type":"Buffer","data":"z1u3H4YKgf9HK5SoCqpgaEk3tExU5rQ04mgpwVU0c6c="}},"9dUBJtzrhwdHXrz9DPgvoFOs9HMFuSGoCrusGFNVkq0=":{"valueMac":{"type":"Buffer","data":"6+5lwDjYeHet2gxmNWmGW+ImUWzmyWx1ZhRencmKWrQ="}},"8gcmvYpwBILMBAzaI0u7wUEq5pLDs34EPvyHlCZ7g+k=":{"valueMac":{"type":"Buffer","data":"cF8Msk8Ega/q+puWPHGYsPG43ULQWGIjPM6T6ra+RvE="}},"/pzpwi/M75mEFpLh+6p2FTSmiwYBVcn5srLEPwkBnow=":{"valueMac":{"type":"Buffer","data":"YU7hY5AC27CzRYLI1NPxOdiwhM37vUrmioZtwl4Sfe4="}},"0zfZt9dpxRrhMtpLiJnCaWDlCBPiGMnxVIpj3SrhspU=":{"valueMac":{"type":"Buffer","data":"VhVRJo76YdYyety+8/j2X/V7ErItWLi6qe9inN/LwwE="}},"YVIR6GAvB7qUPKWmHOlLeC57s0dJPyL5FNRb+kxTqYY=":{"valueMac":{"type":"Buffer","data":"JiLAlaL9MOPhnB5lIae2HeDBUIWgAjiTPc/bxBHBoQg="}},"5CxA+xgzrT4DPMy8Z+ncHau8/RM5l4RqfL5w9RAiwRo=":{"valueMac":{"type":"Buffer","data":"vulvpd1rZi4/imQqaZZR6BTaEOg/an+eiCuhRdceSII="}},"+wl9/VfxhSICMuGRN5firzgBoeRS+kJVDgkZ6VDTlrI=":{"valueMac":{"type":"Buffer","data":"pkmwJNUh65b6znzUSQ3RdYuWT3pwlKIbVNkRdZLu+r0="}},"gNNRKViwITK5HVv03xFtjarYFKcsz7+xMjgnJ+Ce+H0=":{"valueMac":{"type":"Buffer","data":"Scb+dl+tXPKdm1IJLPoxAqORY4tsUkK1fn1erLFwDjE="}},"rPJ7SCtIfqvtg4ynR7bA/+u+p2UFn4PXeltWlMtweBA=":{"valueMac":{"type":"Buffer","data":"4/joJF4s8vE98vomw0U2hHH7uEC5L8Jvgw4Y6QtWMzs="}}}}