{"version":225,"hash":{"type":"Buffer","data":"+Pm2vB+hunLKtdEZDvMnT6GnAr2ksdKDzRa7rwFn09ePXESBsp1Onok0FKClEENzcCorR2SdaFURCwOMa8AmsY4j+RrSBCL71WUifr9ZvHtR3lfpuMfm+m/chqgKFpiFlIMwN8BtVe7T5IkIoCqmdtX75uVIoUEPw6d7L+4f9B0="},"indexValueMap":{"22hFZchN3VlJIo5C4JgQDdRoYT7sbQdjf48ABA3ve8U=":{"valueMac":{"type":"Buffer","data":"XiMIc3Dd6ruveX/Y/JLxm1YDKtdMCzYR9s03D5Cvlgw="}},"c6L84ICc37DD4tbQsPGrKEIzGu+Ehh4IwkL68gbiCSY=":{"valueMac":{"type":"Buffer","data":"OXSy1y26QKRROV4+frw3JbEhCoe+p41AkcOhQO+AkQ4="}},"XbrZ3qU2LSWyo3rHwJpl9f18lBuf+qDsL2pvyB0tPvk=":{"valueMac":{"type":"Buffer","data":"TPlLSBMj8UV81OWBMBnQCN6vk5pFWHe0hBm74GCSqKQ="}},"Zo0x3lAH3s+PlSjA33A0EXNsCOi/7tMhzKh/TgArQrI=":{"valueMac":{"type":"Buffer","data":"OaieXW804M9G8apmSfb5JTW3rs9S9jCiWXF+dUaBZfY="}},"A82Cy52l1rflw+bdwmSibey92XhG2NcrKXKF0HiiMBs=":{"valueMac":{"type":"Buffer","data":"96f2g21buVKY9WTXMTah+C5in5DqGnGTVEQoPNBUjFQ="}},"2x5ihvVzhMGRPn1kQrj3YW6uqornniDUIvvCWYSeO9Q=":{"valueMac":{"type":"Buffer","data":"1O3UQxtUiR9MgWrInpxxscWtbgqHjekyI8mS/fCUM9I="}},"dW3aL4AUNZ1RQnkkdlrqNMPAsZMsBSSq762Uq7S6OsE=":{"valueMac":{"type":"Buffer","data":"F1UCiqMpvchr4Dihjyh9jc3YuTuTl+ZwhkeMTV883x4="}},"qRuuCOzS3ADPxnU12QUTYhJYHCDaNCpA+Fwp64Bw6+Q=":{"valueMac":{"type":"Buffer","data":"+cIUM7FDSXUQAL3HlQ3tRTqFBbdMKfGGkKrFekzTqVo="}},"/SvG3KDaGEdX2akW6y/wo3m4JF7uegTnwguUPRjB9bo=":{"valueMac":{"type":"Buffer","data":"dXMwaNnCS4f/ZgfR8iv2bdLuQMvCx6AKtK07iXK7cr4="}},"6Z+Jj+tG7dqIx8MO01S/4n3HqHbWD8zLlPng5kE/mWo=":{"valueMac":{"type":"Buffer","data":"PL62lc4muGeDMaQoErwNBBKKTEz2spXdasxd3kWBOMQ="}},"2Vm/H8/j0yHT5+p2ga7Vv+nJHGnqq4z/n08Cuw6cgb4=":{"valueMac":{"type":"Buffer","data":"40yfdh/VpWpRMQFP2AHkiL3L+IUIXhnL1bEYCZ5LZbw="}},"Cusex8X0a8g1hXvKV0LYt3KNfVGtmRo7Qk7lEAeNCP4=":{"valueMac":{"type":"Buffer","data":"RzmalzMKfaskWNWnFzlbsFrhbkWTMxc1nnFY2r3vuCA="}},"dMDoC0EVWjS2WxCoCfq44BNKoqDxtO9PnVXG0g7fw00=":{"valueMac":{"type":"Buffer","data":"bbqIza2Wh5JEhRZP3kg3qd5akM0M0NGsKxmFIFqkUEk="}},"0bHztW/qp5pEs8ZV2ONY0LwA6lazeACKZrwOO3dYDhI=":{"valueMac":{"type":"Buffer","data":"jH6CJ4x6Af6s6N1FQmVH6yudxxIHcTR8n+e6kXLdZS4="}},"0DyHHi/FuX7L6nwgCpwTmYoKigSXkaCxVbXR5NXKKK0=":{"valueMac":{"type":"Buffer","data":"dh5LCLZHVu5O7gZiRVTzXpJfJZX60GkcFJs02s4ff10="}},"W5v36Coa4ZZRBXfB63WTDHE+lpjzRif6OV1mefHoedY=":{"valueMac":{"type":"Buffer","data":"77xW59J0JPhstbvdcpflbcCfdQOx959vAaMD0HeHN9w="}},"n5pmcllbhSaX2ORsFZ/YS7k8MULBnTEjDE7aPzdI2Y8=":{"valueMac":{"type":"Buffer","data":"iHAvA+AX1P78xCFEnjdEyYR7PAhvEYDA6ndSG/bAXGI="}},"lwSdw+DheHN9K9sn7EQpKIBAfDxItLRVgCBmod8+VSY=":{"valueMac":{"type":"Buffer","data":"4ChC82SptBE5gvkTUflW52VEn2iW/Z7jlyI/6eZiA4I="}},"ZbM8PEuIYktGhVQB9+4vXu/ePdzVTGXGaHW2OiDJ2Vg=":{"valueMac":{"type":"Buffer","data":"LH/zJnZ7Ltp0u6PLcdZSOd56LrVm5LCgBKDP3HG3+Go="}},"+C6Ept7UxCnRvL9LIHU0zTNXke3fkS1S1mIQ1HD4kvo=":{"valueMac":{"type":"Buffer","data":"dW1Kgxc6AzwWq2afam2keBr35VQjDm2D6W1BVMmJsUM="}},"VElVx3aLUHYKHW6TSstvNg1R4YWusJ6wsK3BNmMvtzk=":{"valueMac":{"type":"Buffer","data":"JjpUwe8B8Lq5un9iiMwScS1Xr0121TX0jaNpft9TIbI="}},"pJIt1/ZOnF070WNEas1GPLjVXYWkIqhTs/b+ogmGjHA=":{"valueMac":{"type":"Buffer","data":"mPKA4PBXkGoaowx8Kpk+6olwMprZkcDD+UH8woNA0uI="}},"lvydDE3PPZ/yUmetvClPAfjM+tnQj4bdyHY8YdstK1U=":{"valueMac":{"type":"Buffer","data":"mY79A2wLt0jcEAcDnuHIKUrAkFJDk4L/yaR28Eyvk+s="}},"WxyTJYhRotkw4320DvDMXSOIT9wao53M3Zzs3G6kimk=":{"valueMac":{"type":"Buffer","data":"XGsQQkv4epeWVYcdHcMYXI3ROF/9X2365ZCO0nqO/OA="}},"xnW5R0I6oQdViwSc5mNzXQictdnoE0R/CKRUvUZXd18=":{"valueMac":{"type":"Buffer","data":"qJ8fn0ZO6o6AwEpyPmOyYltzG53e1Nj6EaOZIo+zKEE="}},"Xr4yqtwPmFTEOHkD3MxgMpXNRhYUaLd+rCZeehkrRhE=":{"valueMac":{"type":"Buffer","data":"N5XGxHh8fydn2CNIquoRt8VaKHmQ+j6fjnlEC0SXGsU="}},"O/EhcBZjZcFshC3GlmAD6PqrNtaqzRkhiNrE0RU/4VM=":{"valueMac":{"type":"Buffer","data":"DF2N2Ejg+GACVNucXv/8ROS6njq0OerImthO/B1+9gw="}},"VHzx+cMfpxUG2CSIxJkeYI3Yuh8nqYFyfKikjFGDVuY=":{"valueMac":{"type":"Buffer","data":"teGD6zsxXXukMyC0ryRGJAVNX6b9T931mDWrWWtvnZk="}},"zV3r+wUpKj44QCBhp9OXPS5nn7Qq4xYSBnY3jLSlFes=":{"valueMac":{"type":"Buffer","data":"5h0v2QX3TWAPagGmrL9wD4r5hPAUOd5uedvprE94emY="}},"V/50mdHTPGhpl2AtwFHTgibtpaP8hDHPDORLrEXvn9Q=":{"valueMac":{"type":"Buffer","data":"myzjbEn2LkNGANaGJjxtYJoIYAVFLpAEJdIX33889NQ="}},"inEtQHfichfR2xa4PNS6S+MCm2esf35aBS9QxB7R+/s=":{"valueMac":{"type":"Buffer","data":"tcZ0oTXa62GOvmi/HOUQPMP8S4kf4mV5xEFP21fCyNQ="}},"xbbsJ/GfniQ6RWBtpZF+0djbEXGmptJd4BMPGgyeExY=":{"valueMac":{"type":"Buffer","data":"G+HwmcxvhGgS+f2DH+/OHooUHBwMK4um/LrmSK2KP3s="}},"/GQUMDzNSlSC2kdt6ePRn19O/5pgD/OiytF2HFQpvIs=":{"valueMac":{"type":"Buffer","data":"F/tzFKdextHuo6qQEPmUZNuxMO+YbDHuOOiFR4X/iew="}},"EozJvLa79eyWDo4yPkGp0HrJGz6CnQJFs5BKGHK8nYo=":{"valueMac":{"type":"Buffer","data":"aatOFJyH0DTcNjPjziww56PuEb3t9QmI6u5Xvbjbbdk="}},"+79PTXfaciMCyBoBWL+8eB1RL/LclqWwOinbSIuz5eI=":{"valueMac":{"type":"Buffer","data":"8TIcW1IEXLBoa85k0OPp42jYWSVkV9BUvJONa/cp54o="}},"9P85/Jrrj7Luubciy5lBi9GpgnSuNVCkXydHaehHLdk=":{"valueMac":{"type":"Buffer","data":"OgAP0pmF+g1SJWgKrZiWt7qglT1X4MF4p93HKTse+Qk="}},"PupvLMxmrJ74iizv/XdYQB23EMYGlqn1yK91YqhB5AM=":{"valueMac":{"type":"Buffer","data":"hIkF/uWvUbK7VngHlFYa5zZlwejq726FDYC9BQnhqbE="}},"VQUEZqw9qQwSnZzdunsub4jWW7vHxbOERdzCGfmHO+Y=":{"valueMac":{"type":"Buffer","data":"AJJv8mBKE/zoUyFp4tc7GIOJdBM95GOXJ7jA4ZQFKgc="}},"BxUDjL6aIsb19eYlj8PqWecL3i5h4VsbTdOLnzbLtZI=":{"valueMac":{"type":"Buffer","data":"w8grcB0s2jC3vVwSil4O8JftTWzGkyWnj0Ti8hLgsDQ="}},"dnJItgWwBnANXmIxlRLNCo9kois2xGwm052gJIYSDjM=":{"valueMac":{"type":"Buffer","data":"h68FK1zoRST4mpdymfVPT9LRgfxX+lKhn2IH+fqOEkg="}},"8vG2hn/fR9kprCMCSdE8ZA53AvYhD0mAEA2DGaxJbJ8=":{"valueMac":{"type":"Buffer","data":"sehLCUc52qUxQjcvyCDG+O3EZGePYsdJoOQ93c/bQBA="}},"kLZHVZmeq3JCJCQnf0R792Rum3c4jsxMRP4xDzy706Y=":{"valueMac":{"type":"Buffer","data":"vIUQJ1WQ+QZIziQUZKsJ7ssSNN1OzhMYr5qeTfqy1QA="}},"kqRdTr41/m0Scg57Kyl7y1t6dgYUQ71GDO1lbwL5utA=":{"valueMac":{"type":"Buffer","data":"MxJPoaMdtqiIEjz6QbHmEp1DzpSbxQ9/OyS6jX+meoU="}},"qI0RQ18Pv4xd4f4Jd68gVAzRUYKRQEn/OEHR4Wl/Aqc=":{"valueMac":{"type":"Buffer","data":"6oUGN4OAp0/26IRpkyDUXdERR07UzgGL5ice5fuxUNA="}},"1ZRG2pCWZTSyXiwJguBZRXw3ZRKLziKVAb08PTo7t2Y=":{"valueMac":{"type":"Buffer","data":"AhSIK9i709xGR9m+zBjjQ5UvhguYii3hUPvp2nbYS5Y="}},"J54aLkxXj7+FUMtWgluM17Hsj1nb2NN9UszEvBrYmPk=":{"valueMac":{"type":"Buffer","data":"zLA90GRdRQKadr5F/dsXM6rTJpYmSyC0HNYNlo/i7sM="}},"p4NFPUol8RuueUHUjjV3QmwuXHGtEjDQuAZ/dDN95/A=":{"valueMac":{"type":"Buffer","data":"XIrUEDxUwUk5QcszfKDXmSZyU0Z3FKOeC/NVnlspiwc="}},"xXIaSfX7x7wWJmmPpR9r8IX2sMVfTU8BPY8pOHiwRXc=":{"valueMac":{"type":"Buffer","data":"Tn6Qvvmu7bKObJOXTlTh9e7GZA0BtpHepKqqiyVFvqU="}},"Gv3EeYqee4TqedJqhVGXDrWQxoJJE8GuboYLCLJ4r1A=":{"valueMac":{"type":"Buffer","data":"rw+Ghc2UgkDNhT5IVLC5+tS01HZfvcyg5/ShNmEzJcc="}},"4ZcmXjS+Cj4lKFGcDrrMRE5/7Mb2dDg+sGitmypqmXs=":{"valueMac":{"type":"Buffer","data":"OqKhmliKxXc7QIfSXka+QvMH1c1bwGMzOB9kG8o/OQA="}},"3cBGjgH0gCK4K+Zk5wBDzXPCRF+MgTwiuCaAhu02FdI=":{"valueMac":{"type":"Buffer","data":"96aUnD82XSn3lfHAsp2NezOCaF8Z1vbtHPi7GK1Dmng="}},"VyLHmcL3vGDz2TUJZFR3cxogC9+b/HCZUI8excrmAnw=":{"valueMac":{"type":"Buffer","data":"M74HBSJHfydkW2qfGb1rPDCOTCbt4xtOfVNG6svw/zg="}},"Kl9hxfo1T/pBW3ab0zgn17Aju4B2+5NyegI2NlVxs9w=":{"valueMac":{"type":"Buffer","data":"huuU1/ffYvoUB1qNRvwnOQ6K4laZGxWWzJREGXJIO4M="}},"EnOVV+4ACUc0PvIsBukRarZs2JdzskwWwaLBLzWj1k8=":{"valueMac":{"type":"Buffer","data":"MOgIpYAo6mRM19PYCemNoNIc4pbnkkU2T5C7i4sZnfg="}},"d2bB71iWSfuwRm7asOKKqDvCLvQC7Kwj8euhXNI2rGA=":{"valueMac":{"type":"Buffer","data":"KgGfkOQ/TSgYXpI9zLMMJQb/b5QRx8NP8YjNKRRYoMs="}},"FMsYM/3ZgNQjz1i8tFo8ATr9oqJZ/jwvkOjd9QjoCLY=":{"valueMac":{"type":"Buffer","data":"K3ZscXTX8iTj67cQCRF4Y7GJjcyIbx3tCsbmLhHDtCs="}},"+1N9Uap6YeFTrlI9+Xn5oUaNTLsaZSJBNQzssWb3+Tk=":{"valueMac":{"type":"Buffer","data":"R7D5DyOyFuWrds9FHO3tC9guDAC9QkT5LW860S5JHcY="}},"GVpI89Nd/to+QR7iwvv1YPrgYW2LwzsZ/7bFLpCnicg=":{"valueMac":{"type":"Buffer","data":"QhuKGNC1Wi298SkTlWF2g348dR4P9D7kzx+WU5d9FSE="}},"Kf8QU/+7iBEyGWHrM9dVzsmb9sxl41gKJR9yp8VZs1k=":{"valueMac":{"type":"Buffer","data":"QMVFvzA/tInzogyOJxiztw6Ku5vYcQ0hUCVrqdSjpHU="}},"xiqI8+WFP4FYL17qNiCODevdPjazndBLoA8x3e3LYg8=":{"valueMac":{"type":"Buffer","data":"sUsDjLxnC6JK3YZJv8/daHjVKVAAFUlYEFbezxBS4ko="}},"sOfThg2eCIOJjRfUZaI0QNjMJhuhMluuaDQ0ESqhFN4=":{"valueMac":{"type":"Buffer","data":"1yePJ9fVnFPZmELrr0I1XeWqc+TQ9MvPVHTn7fu+/MM="}},"Ul6JnBRt5ddhQt7jsp/UL6vFlC21C10ntaLYmeAICSk=":{"valueMac":{"type":"Buffer","data":"67aN5nHQMpbnExvhctHpMrsCUL1XNpYNgpPykJF9mBI="}},"19K5SpQLfuRnFVpW4toQNDuUPA3GQuqAXL22BanidiE=":{"valueMac":{"type":"Buffer","data":"BJLlLyBhui+Ml6rtvleD2iCw0bi6Zfk9W3wPedvBIZ8="}},"uertuz4I7aC9c5UqrQ5qg8vWEeXsGHEilK7T4ODZeRc=":{"valueMac":{"type":"Buffer","data":"PN13pTIO7CcZ7YKSRGQk7kIppBtd9YNNBZxTH0LPvh4="}},"jcEMtAK7Xs0vXZNJgsZl0J7AYhf2vMdVSgG+didfh1s=":{"valueMac":{"type":"Buffer","data":"H1pkTm0MC8fhARWSmg6+u8Pqvfx0c9UcdkD6HmFnJPE="}},"49K4yo0m7gfuPoztKqMCe/cqUjBjQDXsIlNajB9l8B4=":{"valueMac":{"type":"Buffer","data":"Kxd8ovzWciwgi/Kb36ltO279M3cnpnUNKE5QhlhW83E="}},"7SOzsHSrLXOG5M97f+mx9rk2ej9v6XC2+tGrtFeE54g=":{"valueMac":{"type":"Buffer","data":"3pf0R2Jj93Gw7UWN1jw8i/g8Qvxn7ntj2JKZSEdtsj4="}},"wUVTIBWDqw14vbyJiKzivn/AQu9YH8Bq5vlEYwfFwhw=":{"valueMac":{"type":"Buffer","data":"thT7cXVEnXmqO4mB2Yt/25p/bMBqi/8aG7gbu8h9Wjg="}},"6yxGu4DXUpo5iRVs/48ELPGC1ULpBrOlY4OZphIbMCA=":{"valueMac":{"type":"Buffer","data":"QQpmVwk8wqg8FYPb2k/nv0QYkLfd32CSFTEDwK8yffU="}},"ygLHCr9p+U0K39Om5/Q3zIM0xcir5bAqnuR2Fo7n5BI=":{"valueMac":{"type":"Buffer","data":"RVVCmOLumC1T9BxRZrZh8xaJ60ouU2+l5kfX6N9Z1qI="}},"F+qxQKlf+LAbxvoMQRU3MZGemaF31/78c1gyFl7O6QM=":{"valueMac":{"type":"Buffer","data":"xouQpeT4QglSiMq+fS10zBX8Qq763kv+8L1/o1hQZ10="}},"D0WaKtmfQqKG3GcewssIZd4/3Ltg/gQTMsw9teux8Qw=":{"valueMac":{"type":"Buffer","data":"RxTHAsedrXhxkgZG1rSxw8j8rNnD/JJeUG4r/sBMfWo="}},"txUNGe/6fXBhOtAZf8rks0FcCYaEX+uXbhG3bGas50s=":{"valueMac":{"type":"Buffer","data":"Tp3Q0ecUEuc3uSnZctwd2J5QTRiFs7ueqGos7YXKpF4="}},"RtdiLebh6ovmRpoFaCCF+6oJT4Iejyhu4W2puIGhk+4=":{"valueMac":{"type":"Buffer","data":"3qC5IFOWFv6lYo4vSAEKNJMVH/k0begXEmf9gihaBLs="}},"SrNEJ4276LazjIGBOb2L3uegBP0hDVLf0TpeIqYZ8SY=":{"valueMac":{"type":"Buffer","data":"gjhbDFuMwceM8NcFMuN9aBcLL8DXuFZABIN5/SOa6NQ="}},"su0cnwJzLwaLB9XCHB+cUJY7ITOYZCxNRpxNxeRf424=":{"valueMac":{"type":"Buffer","data":"kTNzLkYq6UoaPKKZ6142N02IpBKdmQivZ7vUDSBd+zQ="}},"bQWzQiBOWRv5c2ACXHMLoYzHTdbkXvDYUakGKK0zp6w=":{"valueMac":{"type":"Buffer","data":"0+VQ+JOcNKqIvAdklYkljp6E4fYorzl46N5H2k17b+A="}},"Di+KUjSX9Z572FSOH3pa0lppyjKj5NhbCeq3hyC61R4=":{"valueMac":{"type":"Buffer","data":"etb1O/gQVXvaTRNsA3Ltq9Vq4nGQo/l6VeKrpLO2MtM="}},"KFFqmMImw7mxKnjZOFQF+uqdAgVCinc0TZVDKcVydts=":{"valueMac":{"type":"Buffer","data":"TvHh5vcu3WyXsK2ftsBapSFQc5fUHg+pUVCyDkPrkr0="}},"fajyHGNgm5NfUhxHHMNi207YGBfX/JNiLM9sHckez90=":{"valueMac":{"type":"Buffer","data":"/H0gcO0wba8aXXY3QKg+GHQkvKf/36U0KLXTcIWVvJU="}},"/Lu7YxdUy7pZ2iAzv7SoJXVpm1F4J4cw7uEmBRUit7c=":{"valueMac":{"type":"Buffer","data":"+U9MM5BcGdV4PSFDHxC4geQEoclYPqoED33frHY7zG4="}},"NP0xVKMnUiLVgqgs84Ofe8biq0Y5gwvCtMzrM2UXBGM=":{"valueMac":{"type":"Buffer","data":"GZuEaGhioxZalTLAzRutqTZCTl6MyXzRr5vXGLpXpY0="}},"YkFZ8Hrb5zAZvAgcZw/TdFRkD0+hGRyY0QpWTLrEX18=":{"valueMac":{"type":"Buffer","data":"za01wwRL/AikEBYIoLXG+edcX14CLgZYC5WIZiaDYTc="}},"m2Zhx0dxSh9lh15hIKu0sn3Cq1IJ8QI5n6FAx4xi53c=":{"valueMac":{"type":"Buffer","data":"s1yVhAtdE4iD01HWmPrd1qt12+Hss19d6olrJ4ZlZ0w="}},"CAfgC5/kGGm3Yf5zsg1HE9wzHVcTPCTT9dJJ/K+SUjg=":{"valueMac":{"type":"Buffer","data":"cHahUi/RzVmpnd35+fp5ezjxVReT2AKNJ5QcNnatfsI="}},"He6uLdLQ+ZTPcM5CON7THbh7h4vXCVKJlWxaRCwp0H8=":{"valueMac":{"type":"Buffer","data":"J/TSdjE5EIUi9S1e9dG1QrF/dMs9uRwPnfZ7WtB+VCo="}},"K9j+kq+E3ZfjPWqKBDE1sFyebB6slo7rdQx7POrmwaw=":{"valueMac":{"type":"Buffer","data":"yj+44T+/dzofdGk/HGoCn8wu9pQltD3BmcOcFUMfBEE="}},"X/hBwUw/VOlfmlNgwZqQX3IMrvvG9mD/s/RYOawVp+M=":{"valueMac":{"type":"Buffer","data":"d7X8gJfSqpQF+jyu8ectGzWb5G3RK6prz9EceLVcPaM="}},"e7ufOMMY/dVj4h0VCZNa+HzRhYYY7UFMLSWbDf/qBUQ=":{"valueMac":{"type":"Buffer","data":"6JYmJFETF1OY9YaezujLGmY4w9pgT0v7o53ReSD8I1I="}},"skIVOo0Ekd4EZ1BH9tff4uchwmATn2TsMUIYDCU/OR8=":{"valueMac":{"type":"Buffer","data":"yu8hpzDJBy8SWKvpuNgtFwWQFbQctNlJTQsdXBHWvQg="}},"jMsyMIW4QloovTkXd0q72za58mD5g4xpzGWXau6Cfzg=":{"valueMac":{"type":"Buffer","data":"nyD0+PiHhuCoHbQEwa+wGHMsr/bFAC2jTlYtbYBmHzo="}},"pO+pw7Hw8e3MWsuzTSEGjduKzrJrG5eQkmI1MpTxAGI=":{"valueMac":{"type":"Buffer","data":"ssQLxKtnNsCD9e1yA5JR9UhHNsTN+sU53W6tWvb50qE="}},"x9q2epc9J5oigdlHvo4h7HkVAwJyWD0RPlzPL8OM4ro=":{"valueMac":{"type":"Buffer","data":"vAVMEEWvxrLR6gJHYEDRI+nAo5WBEKBokiiKIHOx5wg="}},"X37W5gyqDqcOQUUYpJCiXJaTcIBnCf2mN4u9Qu4+zUI=":{"valueMac":{"type":"Buffer","data":"HHEARSUdSYPA9Rem+Ln+q05ey2bjLlm22h+BqQ8q2EE="}},"z3fK+yH8ghJqMJER6sPvkNbReF++w8K3V3Li0AI9WYg=":{"valueMac":{"type":"Buffer","data":"a8CfaQQ3VWnxpdy9DnZk2KSqHvMUqmbTdG7df0/A/eU="}},"U2TpYx5n2X6y4KUNl94gfKL8F+8gxDxXM+yzgQ4QPdk=":{"valueMac":{"type":"Buffer","data":"Bn8zlqdTRRbqjwj8qi0OICDLrtbVtb3fzkV7lG3r+AI="}},"UltoPiQMmDeHChDR9XkB3VzTUP3NhZEMy6hQEGcEffI=":{"valueMac":{"type":"Buffer","data":"c2z1WGKvpw6UZifQbOEq5dRyNGqN5FmfVJ7pXlpmsLk="}},"5K1g8zbt9FxgiP39ue/YsSF34j1Fh4JrhlwXXrK7GBM=":{"valueMac":{"type":"Buffer","data":"Tlcg1ey3ff7G8Ju1jcPJvwaw7uE9ZtVCBzijsoaFiGY="}},"gdWY5V2TMH8KOcqmGqYDsVtvUcaHOdCahdxub5qVz7w=":{"valueMac":{"type":"Buffer","data":"AQX5FIgPzoUrBLNYo+cCkEiu7Xyenva2uPBZ8jhQ/h0="}},"rfzdDzfn/GX1wDXVB8SfK2rv4S9szNAdNncw4VolInw=":{"valueMac":{"type":"Buffer","data":"pwOtaIsLmjB7aTHMzTMmp+Sq0Ty1FmdQqgWcmiK+OLU="}},"XCepZ150P+VlfQ9uM4Y2hgsZIdrsITxnPem6Phhu9QI=":{"valueMac":{"type":"Buffer","data":"YtL94Wt0TeTF6f4knMUfCyeQ2AivVJuxKcknhPmaHiQ="}},"RD2dKhrk967JDrkTjuTxmDN+gp/GzL4in16RWJ06xow=":{"valueMac":{"type":"Buffer","data":"Id5Hmtocx76uEfWpJLjjH5+TgGKEnox38Jm5eqcoAoE="}},"it7XcgNiQ4oCv/Z6FuPFk2LOPptWmorNE+9TgMrHjgM=":{"valueMac":{"type":"Buffer","data":"BDctwUt0XqVJ+Kn8FK7iT2L1QQ2tgRP/IYaFfJHNzgA="}},"00G8n6XWckoNpy0+Ae0Dsv+FyoHykN1SYM0FELm+uZA=":{"valueMac":{"type":"Buffer","data":"oy2Nm3zeRXwEXgk+Grci3J77UZ/GOwL7j3Udgg796TU="}},"0JbmveDdMhbLTDAf0U642NXOmNNwlXvNhD0dwpso+qA=":{"valueMac":{"type":"Buffer","data":"hK/c/eWq+Q2c6L7MAnAQB6VlRZwPcMsNYJARp5qnucU="}},"SNNFyT82WfpVwdREJ7PNolnJ0o2RLnbISZx0emZmUBU=":{"valueMac":{"type":"Buffer","data":"VWRpCK1jLSDE9wXaHD8hCsRITgAan/mqd8GIeLT0T+Y="}},"sRpnKBI2An0YsKs0Zme0pUyuxNk1KXdbrnH4K1ky/28=":{"valueMac":{"type":"Buffer","data":"D3UONg1ZaLuXx0/E5OBSiH8RRhD7blT6QZV/d9DDDFc="}},"kf4qEA17JP4pVOH6K876/NTMxihnhUECy/Q0CitPmfU=":{"valueMac":{"type":"Buffer","data":"AmMRk91kFQryMzXp2Kx95fzwSGdQjE0sPiQ8tziVM5E="}},"1rtgnRVm0uMnxnC1vcO7N9DO7o8q1OZ+BbbE8G8/FH0=":{"valueMac":{"type":"Buffer","data":"A6hOUzfV3frvDMdGaTuDpNkBc1Iu/m9w7v7LfHY3zqA="}},"sGKvHRbP7VXGfHKS5zdOO5HSlPkSmIWNQSpBBzQcntA=":{"valueMac":{"type":"Buffer","data":"SlwYEpWSebRLXX5OQz4X+4N6laekkRZH4QJTFsIFxZ4="}},"MKt1mp5pzFlIF5P05K0bKPa2IyQcP93Wa7rBTiYLuWI=":{"valueMac":{"type":"Buffer","data":"aTJc5itnZtmEAvN0m98PGhsPoXoLwJlDVQ+REjag9x0="}},"ZstRW24lbKxZmgUN1LiiSqDITSMSQdzojwvXBuZxyCE=":{"valueMac":{"type":"Buffer","data":"5DH2hNl9xmcw1MEx4+RtuvL0Z+F/FEF4yOWyCnbV27I="}},"zr1es2UbtXOLdyoFn9VWLKhN1/I9/qllDECtYTtcKq8=":{"valueMac":{"type":"Buffer","data":"70upzEed0nlCOXXLp9PFnZEk8YaAdFZ3VzjRMLwcey0="}},"4vYcUAt4Or6dTZwdS23Yq0xjafRjuVz50XVwcqD6Me4=":{"valueMac":{"type":"Buffer","data":"sxmDuYL+hDCU8RldZ0LqWdk9rxggEaTfFZbQicGqC6g="}},"ZDg0fgnLhZmZqb0LN2wk8z58H6rYIUhWfj+dmOhoAXQ=":{"valueMac":{"type":"Buffer","data":"CORbQU/QuFicAwRXzwfDie7f0CEi+1dFOdPSQHgGHQU="}},"v0FR75LTVcTBKHL7uJ3Uv0IuBNAkh5M1eDh3iTtLSNg=":{"valueMac":{"type":"Buffer","data":"5URujqOTp7gn8ARr2gee5SX4WctZGnqOPe3riwHklC0="}},"5iI+9KMoxSv6zi0sz/DBi0yOuhIuDue9wiax5tyWny8=":{"valueMac":{"type":"Buffer","data":"h/Sx/5UcG8OjKhUr6h6HWGksry6tJd7W18oSuMepLjY="}},"rKuDzFgZfthF36kLveYvkP+w06VOsoVW8haUDqKfHxg=":{"valueMac":{"type":"Buffer","data":"nTW2+bNCyeAFvwHtATgl/i1AUAUcbuKZiWN2pbP3KPc="}},"lvIa7Lnt70AJ65lMOp2foR8vMud9q09UVlp7ZzYlmk8=":{"valueMac":{"type":"Buffer","data":"LE0r8jShpHdCe2ud53sFXrBQQ84kR4bHmvbshBYDE0c="}},"Rib/hbZPleSHo7ORaTJKs5AdS0uRa/Mti3GfkC0t9KI=":{"valueMac":{"type":"Buffer","data":"jQHMh0agYulcTCn/FnDndbHBl1J4xmz9Vc7FpZwkN5A="}},"f0pLZdjY4qzK32yLZSaPwdZE/9UWlPhZ5Eo9Wl0nsvY=":{"valueMac":{"type":"Buffer","data":"mlapG4AGuSu5Rl5Hq7B8ba/hLL5/IjOyZN6pzL6+0vk="}},"R6Be54rz0p51oKuo5rp3BRU9OU2DkAQT3dm+VjW9zzE=":{"valueMac":{"type":"Buffer","data":"FE5Z/bA5T7mSuTUbRh7ivjeCAQ1rpTRwAo3KkPBhNP8="}},"xR8Iz1gRGomHhD5mbriLUsZGr2oo3mw0aAaMgPN2NGA=":{"valueMac":{"type":"Buffer","data":"b5PydHWachdtI6SZ/frZ5ohaUeNRFshElNgVGwV6kWo="}},"XBp62vDezRieYUTgltY9wfajhLGxn+XF83KtBTCFBqA=":{"valueMac":{"type":"Buffer","data":"ooogrjZIze7FH1scka4tA48cqAO8mQPurfrvvVy1dwQ="}},"Y4BvT/UdUAslSNmjPvREmdz6rUZrJ6ISA3RXzDlY9aU=":{"valueMac":{"type":"Buffer","data":"Z8agQGktloSSd7DnjVIiQr/DRhnK+Ue5GYSk7F3Gcgc="}},"XSLvFfvwwejdARDGb3pqlpQIPZZwEVcWPF/wyYiMEI4=":{"valueMac":{"type":"Buffer","data":"ckNx3nw7bmLlCF110J93DpgDFEs9k7GWHOXfZRfH4vo="}},"pkXE8ZZaO2S+aBSqEZAS+af778uFuacer8fu/o0WYLc=":{"valueMac":{"type":"Buffer","data":"qlz+hBH7nTVMs24zJrXsaBXHRF09klMhmUTlR1PtcyQ="}},"vnIs0DeAlW9Nz8YCohzblPQ00uCMR/tMy9Mu62tp8ug=":{"valueMac":{"type":"Buffer","data":"dYXVv5amNuvTOaKWKNXTVtM6Vdg+J97An/vfjrkAg1o="}},"fRUB3q9ZDGmPYcMfpzy6LWIyssURUjt15yvPrs/Rlfg=":{"valueMac":{"type":"Buffer","data":"ZBBz83lPS+N5bqXxs5nz9MzC1L3kCH2/6RSb121WKRc="}},"bemXPPsCwwCZoUOWoJzNECzp7/1EU4SJX3z+l8MU2hg=":{"valueMac":{"type":"Buffer","data":"COraRIvSXTiJeic2N6nTXltqgl6EYuZ2wRvRpKuEKns="}},"NG9IpE/Z9HuUNUpUSAXqEFt7/rOrg9GF8H9xXeJF9MQ=":{"valueMac":{"type":"Buffer","data":"m0M38rugYyaTFoVzsbA58WZ0n7mBHAtxA3+gCxTmrmA="}},"hbm3NAfeFdFuyyfD90drN856iL/FshL6mPnlAOku0Lw=":{"valueMac":{"type":"Buffer","data":"Sy/lLsU9skK2pFgwaKrGU48o9v1Xznpz172+yc43aY4="}},"7sftzUSbgkuZor4g0Chnwhg5adE3ws4PW6kKjLlScLE=":{"valueMac":{"type":"Buffer","data":"AkrmGX/wGWmOPe27SzIQ5NIyJVLS2SGv2w+eXAgF+MA="}},"1YpGrBL4P5Eo94oVyE2nPlh3jMVG2g3K+cg3gu4JYs0=":{"valueMac":{"type":"Buffer","data":"wKQIeeHb7vM9dBeZ0w1Ztjf+nOwBTPcnn67ItexmQAc="}},"J3kEiaHp6ILb+1ZNhFxj1zCJx0H8TiV2eF7HxTZmGQA=":{"valueMac":{"type":"Buffer","data":"idgHWsDBq2esy6W8NM4IvjCNUPpYnva72FMWMufgJRE="}},"wKIpDX6pAFWLblWp0RIUlO18K02uO92XOEEKVlBD0kA=":{"valueMac":{"type":"Buffer","data":"CUA+wbadZjvDeogSEdc35GdxNLFFItIkskaX7kvIYC8="}},"n80lep1LVZchOqiC7vMqL+Zyv+IBZtq120W92a+YQIw=":{"valueMac":{"type":"Buffer","data":"jWYpuTYp3V0/bAdbVIHtD7LNOYaFgfMpMI1N9d8JDvg="}},"vQb9e1KFM0jf2f9wqhNzjI4LboN0oTN+x3+Ibj6LDIc=":{"valueMac":{"type":"Buffer","data":"gPHR9ts2K5AIDUec1sQipyVooj28FV3GwvytkWdxdek="}},"OnRkUs9SJPaSf6sOq6fNf4og2j58CGGTrJ+ubHm8DIk=":{"valueMac":{"type":"Buffer","data":"01EeNTjlX2X5xcehYBawGv3+kY26tuacXbeaAemC5oQ="}},"qTLDjVjiTJuORD2i11HHL3r0qQIYtTsZXehwy68aDC4=":{"valueMac":{"type":"Buffer","data":"MD9TdoXj5rhTBnkvXYLyiW5/KywI4xDjXAiugSDRUIo="}},"ltYC+DtoqimYQcBh4EP79EOjjEZrMq4+TO0iK72xqaM=":{"valueMac":{"type":"Buffer","data":"MZrf/3JGAc3wxvw8DXYGtgBZF+PeDsslVoG1UlFVjZk="}},"kGbzrupjVbhns7U/ZSe77JBwKahnOgW+8abKF/ZTLrg=":{"valueMac":{"type":"Buffer","data":"74XCE/gibr3G+z7HQY5KiukKuDKzgIJOlcQMAtPbIgI="}},"4bMDXntC5PXc/RmMKIjHlKOXNtoBIewQvCRlKp+OBnE=":{"valueMac":{"type":"Buffer","data":"DGGquh37iMh87J8c9yXEBTEEm37vCCcNpV+ihjLqzgI="}},"KmE/IQedtGIqvSnnGqF6JkZx58zYFXEXPR2iK4pz+lE=":{"valueMac":{"type":"Buffer","data":"3JfQfbFIlLO/t9OK6ctkElou6L1+xw/N3jekVEHziIE="}},"awgoxzn8KPCG3Ozh7HHuF70dkUwPvR1Ivhf562iTpmw=":{"valueMac":{"type":"Buffer","data":"F2NKHxdxKUJ0D/gmS1I9/Hm5E2FZ5inQQK0GLSq9T4M="}},"nmclasYvHrODe05NxQhAFEXj+E5PzgrIm+er2vNJxXs=":{"valueMac":{"type":"Buffer","data":"cMemwiRx4nKH96gGZAnraNZRRSgHZFzjMiBPcchoRiU="}},"y25ih7c0/6yIWOYDQ9sRxNPWd/ldzVvjcBX0iJmTXfQ=":{"valueMac":{"type":"Buffer","data":"wLok1UgJxQkbIX1yX25BQYRBCopGi2AiDVLGaiKZFEk="}},"DxmUKhqKbAvnObyW3/sA1+8qNY98mjU2MoO0fiJZZVY=":{"valueMac":{"type":"Buffer","data":"cC3Dji6WSg4Mq1BM7AZ7L8VFPtQHx31h5QCPAbrRHwA="}},"7xA8q3gj4p24/T7eIlKJSYda6H4wZQXt5sGY7fonxew=":{"valueMac":{"type":"Buffer","data":"yV8WuzTtIyFAlyeojTFJItG66U/tmemW1OSO4Dj5v9c="}},"FcPbQeFyWkreqYQgXIwp9GyfsWJYh/meE6JOZ466gSA=":{"valueMac":{"type":"Buffer","data":"zxwITJjKFvMwkKueiCmmPtlxXaPEuoMufjhONFKkuaY="}},"xMCD77aMn4OjbaLkQjgCmoIOLOkQ4KkNRIfQCczylAY=":{"valueMac":{"type":"Buffer","data":"q8YZh3fY8hwoofVu1vpZSXbNDaczVXUHYSKJ2Bb9Uts="}},"hr7k5FUVuCihDoqNujcKhTn2qLIeyziKTkakKtzFBkk=":{"valueMac":{"type":"Buffer","data":"oh4vVll2iweR4S/rY9eQ06cGqWULV+bgJaHl+Nuj9Cw="}},"Z8nqU+PYLfE5s28i/SNmDbtWhkJLbQEhJ/KsXhpP4pU=":{"valueMac":{"type":"Buffer","data":"AJqzZi0Rxv9I5XWeafieruE0DyWQAjzjfbrr+pG+/Uo="}},"n1K62RMQTK5YjbKMU7gLwVm6SGtClFLrINRqOaBaGy8=":{"valueMac":{"type":"Buffer","data":"tT0hDcSsHFEHC8cYaCJaJNFmWjGNO4Zmhhl2jp3OQY8="}},"GAgyV+Rmkmwg3ZZZ1HsCnh9oL/scAYYFoEScFFzqhPw=":{"valueMac":{"type":"Buffer","data":"Yv1GgS7UM3w7NAf5iez8M9w1FnzBcQK2Inz/UeJSJGs="}},"9fxYP6TSEOnE6GOs1xFCo7limWQne3YbLub6kYf+ekA=":{"valueMac":{"type":"Buffer","data":"xUj62k8U2Ag6BubsPo2R6yA1tFvqhTTb1qmXm8ijgZw="}},"r0SPUJvRZJmPxeZFqO3plCoaSRVBHdZqEm/ZCAf2fJ8=":{"valueMac":{"type":"Buffer","data":"H0Q5yArdiNehQkvZhr+VrWXAk8QM+Xg0FCJOcX+dT5Q="}},"0X9/f+G9xSdwyxoIDymiOZ4NsAqGassU1s/OC6bPvbY=":{"valueMac":{"type":"Buffer","data":"zLdJw9zF4iRQeMUO3Oj5tnzdj8RABif5AU4WlOA+yQI="}},"7GdZiyf9o1WMQqvZMZK9yuiffNAnOr7/pl3MUaxLBnk=":{"valueMac":{"type":"Buffer","data":"azzWz96b1nRqT5Cnxg9mnlRqBE2utBES9YMS2+phgnY="}},"+VkVtgiSxLJnmKU+BsQpMmaT2hY+2uk2ZC+9cEuwyMQ=":{"valueMac":{"type":"Buffer","data":"BXFID0kr3W7ryctofBsmCCcmM+rxijjsPmEm7M9TkdE="}},"Vt8fqIttvjcvYlDDSchI5e8hBLdsgHcADLguO6p8bGc=":{"valueMac":{"type":"Buffer","data":"DOIn90Pmt2zZJ8HNYVss2sBzx+TardHS9YKx7C4jwis="}},"WO0bXbmsGPU0KbOyJfSS7AUBIugUXKU+LK6j41GMMk4=":{"valueMac":{"type":"Buffer","data":"MCYGtLsnNKf7fK069XCnXc9gcC6ZhFWLanZMXiOW7Sg="}},"yvsEZSlgU9OyU48vJik5ObDDDJmKYowHyK22vZa+UJU=":{"valueMac":{"type":"Buffer","data":"ZgxlqCsucolulcgZjcXH8mtDGt4BdHzojgCfUzLTv+c="}},"FM6P8LvrrOcDZt4TvZGssgJcXoXiJc27oe36j3/keFg=":{"valueMac":{"type":"Buffer","data":"Fi6dzdZv0DLyS47ysmmAB42yUhU2eeMKCzoXa7MdXGo="}},"mtAj0vLZwZNNtskHTa6d5YS5MsEqFJO0DyFwnCkCD+c=":{"valueMac":{"type":"Buffer","data":"ijzsW6FWAJLv//AaegVj21Q2dahy8K5D04xAjnwLPOo="}},"vf5DJ+UTfwT9NAmdT/GsQ1LY2vrvaEwchZTb3mbmvh0=":{"valueMac":{"type":"Buffer","data":"Nu9R2RWRId6H9uf3iEz02HFibFT89mdjNE5JrfUOT0c="}},"w9C8AAFkWO5aHTzDUGwMRXKOuiio78ytpvhyyC0QNuU=":{"valueMac":{"type":"Buffer","data":"XnApY5nHMMYXO/Sbw2odY+G2SACWijrZMHwj+9C3+3Y="}},"AOyLCCobTK5ztPOA/xeF5QwSGpF3EejQPW/smgE7ABk=":{"valueMac":{"type":"Buffer","data":"X8Dg1gveW8bOmctlBgkAAnNe8H47gX5hXd14ThwSE4s="}},"Gnu9L2EBbPuT29IqI+2ua5USiNoJ/3nOuphrTOZE0Pk=":{"valueMac":{"type":"Buffer","data":"7lqERBTo2nnbIItnHnWJnP6MTdWT9HmYJKDpSn9M3bU="}},"UnU5YcTSdlL670pOyapvmIgsx7yyu68u3fHVS6YqwvA=":{"valueMac":{"type":"Buffer","data":"F6RWg0JuF/lMYCGR0iCs6vxRxNqiwd7Qp/6vRa3GI8k="}},"vbH3BMc+K9JVJF733BkFhijEGQPhg8yD2Zf8/ugrEx4=":{"valueMac":{"type":"Buffer","data":"YrmeIay1ct4ua3/WdsXngUD9ekr2OvfiQAUpbru9qx8="}},"MnfiifMuhPeYQWI0XzziJ6go3pxFB/WpVgYYnQ0y4JI=":{"valueMac":{"type":"Buffer","data":"/M3tIPJDqZY0Nk52GNPcgl0Ll5gWRhIP5hLVMoBq7AI="}},"AjaLvFwuKux5EuGOyml9DjaEx6hTWYe72ORCYWgoAJs=":{"valueMac":{"type":"Buffer","data":"sDihRbwEeGSd99IfBIgGrhi1Z4ICYZ2Z2YRJdm1vqpg="}},"N5oHiW5pJWwpxNh8eQT2kY3kL8REn1ITguIQnEOW4jI=":{"valueMac":{"type":"Buffer","data":"KoEhw1PTL3B9mjuT1m0hVYS153rlrUHvpQVuE3GoUFk="}},"KfFfQ0lzQTAy5yyfzPehR9eeZAXlqjv8I4v03Lhj7xk=":{"valueMac":{"type":"Buffer","data":"GYa6uFgzR5IfEJEKHr5ORuME6qfLWWRL8NvwWaCUB+g="}},"Z4l0HLmDb/Z/nMqWm0tCPIUTD2QoSvDVs8PgHn5AV8k=":{"valueMac":{"type":"Buffer","data":"pMPEKc5NdxpbYXX1mIci0uGXeFHUGhQlkV6JpYEircI="}},"nLPI4YE++myVJfSSjnYHjA89BZHgiUy2zOdsbxHUZ6U=":{"valueMac":{"type":"Buffer","data":"VlANO4/YObxKTsvIIOz+KVP+gARvhjzgqV2lZkr+zO0="}},"A8iIi64nKQC1jakyNeJBioSMzKNKamncAVo40zLwivY=":{"valueMac":{"type":"Buffer","data":"pcUJBvtOHQo8Pq/MOPgFvSTtZjsczlve70cGclbcpQ8="}},"5EQldsLyPIgTIDMdTgMAqk94TPv1g4gURGlLD0Sb28U=":{"valueMac":{"type":"Buffer","data":"HqdyDhL12tpbC+54bN7pSytBi+7vd0Dek10K2vUcjYI="}},"7nKjVFfKrliyX/bx9gMQT6xnSa0WTrKeaXqv83ofTt0=":{"valueMac":{"type":"Buffer","data":"bPC4I4F4WWIvPSdxIx0994ZBYQlU+PZii+N+hXTRT4o="}},"o5gdT6d5evOf1xX4DsKxuoDramBoEiivX8OAj1kogiY=":{"valueMac":{"type":"Buffer","data":"DiVDph3p8dJANsi6hrtUe7aEvTNfSO/+9Fzr4Uu2Gfw="}},"Ef92bzGNnx41L9y4XE9iidw/MHkQd7WWFXLNJ8VM1ng=":{"valueMac":{"type":"Buffer","data":"R+J4C/Jw/13yVvh0B6CqvYvAGigbHkMpBHr7CW3nQQs="}},"5sOz6OD/zfiN12jFYkyynLyRgaIXRZPPxKAGacKXUSI=":{"valueMac":{"type":"Buffer","data":"6pYA+GIxPS/BXvLCH2Qjb4+bDFHUXsUr2wEX777GuXA="}},"mM5S8Y8YX4v7qVO4Q5FWwVVKDuVcwxIkiHSHktzGLQQ=":{"valueMac":{"type":"Buffer","data":"++0hMHrmFAFNsB5ymkI31fmiyEcrpVeir7fOYJo2oos="}},"SfG01dGw2UrqnkLSLGbirBEQLkLVIqFZmN4a5k2nxGM=":{"valueMac":{"type":"Buffer","data":"TyYfzywo7wKR89P2InQYcZGXQANwg65HTcXd/gOQlxo="}},"x7T8IJHXZ/KGIWBjy1GMHYQ5B+UR6Fna0g3oU40UAZ4=":{"valueMac":{"type":"Buffer","data":"1ORG2qHlC66MC6qgBSfd9wpzyI9vZBVsuAgOYarOLwY="}},"swjme6In8q1jR7F0JgRkcY8URdVF1CLl78ySBLUQJ1o=":{"valueMac":{"type":"Buffer","data":"Pc+p9eqO/N81om3uRiW1mx0ohZuCr+YPyIibhiqjULA="}},"4STwe/ARGxUuWrF186Biholdll4LQtgtAc/bH8j3NhQ=":{"valueMac":{"type":"Buffer","data":"0pi9jSaoBWuRpOmIyXJrCO7NrDz3ysVD0Ut4w3t+yq4="}},"og23oZBpE/FVYS/YFdCirez3+qDVRLvsLct3CUgWp9g=":{"valueMac":{"type":"Buffer","data":"BtAgh/eUCT6UkNQ44irfZEQICVLH7Q9jlr10gobP5dQ="}},"TNIUeRydGqyZwKOO2aVHq9ydKtQzFFcPOQ7wsR1qN8w=":{"valueMac":{"type":"Buffer","data":"wv+SX0FN/SbsprM/vNJH6IXAG6eXCFTIxZbF/iQTgxw="}},"XXJOUzXEenVqWMnEAzodyqr71ouzA6hPC6FyHAKNm6c=":{"valueMac":{"type":"Buffer","data":"MxYSIg8Ia/U0JKA9TxuYBIcQm6Pt0ne0L/5RDDLSRx8="}},"VbAxNYAGPd+ugjl9/h7yuvuGD1fkKaxWfa8ncRGYbYU=":{"valueMac":{"type":"Buffer","data":"UEUKVt0RkhavkBRsw9kX1dzvribcL/idoC0Va1MikJo="}},"NOnFGb4awH0WYx1jEUzKCGHwQA3NbgTdRPjo6gn3a/w=":{"valueMac":{"type":"Buffer","data":"TuzyqUm6YHeAf5JfRo50zz10WVxD9zQAb0vHHl0/7yE="}},"y+fOSnKM7z9kBUyZ+nkq/SmCP8Tq+KXCA+ZOQTPBX7I=":{"valueMac":{"type":"Buffer","data":"n0qb0k9P/QS5+fE2ZdBzcxj3y3OfY0sivblYvcVobvM="}},"wNq/+qnLdar98ih2lXWpD82Fwtbrdn7WnwJ9OTpD+u8=":{"valueMac":{"type":"Buffer","data":"zXMgUKchJhtpTkHF7Tj+l4CaZ0y8yc8YfvowZCHhg+A="}},"vvgWu6KYj1DEIo/a+fR1Qm7XsxnCGODkGv6+U/9/KjA=":{"valueMac":{"type":"Buffer","data":"uPPCc/RuhS+G9z3V2635HbfxLTWqWiHGsmAdVZi48PI="}},"ogFIAq9lYA1Ahnw/bVD0t1Aw+bxTKMYT7vUySRLI2EU=":{"valueMac":{"type":"Buffer","data":"VkFK3ICv64jF1YfhHjUdbxTQTv+gCh41/Xp0lBlR49Q="}},"JsFfUjEob7TStOvYJVyuvU0jGNxlgKQ1eiKUMDHFI6g=":{"valueMac":{"type":"Buffer","data":"qFM1XaEzv5tvqhhhPhUlCf0oH57XDYD75RnohTb9dYk="}},"vblaQl5DpmuMYtk89XitZRHfTyHkWSJySiEY13n65sI=":{"valueMac":{"type":"Buffer","data":"UWLmc2WVnkOeilWsI2zDkS0Q3I3HaH34wPb2rDFUEzQ="}},"l3jAXnDzhCeWMjp0hareFCWGgP22VFHe47YFuEodE1M=":{"valueMac":{"type":"Buffer","data":"KjiBjrALK88wZNkzvfT4K7aLgrvacllMsIbbixmzLNI="}},"POu2JW39Byt64DL2YmrUWWqnaFbQWrGB5v5KacGLj0w=":{"valueMac":{"type":"Buffer","data":"EDZR6HbzKOOV7GlNuaDYovfPdZo0Zj2RjWd9r/XmGFs="}},"7Nr3+fynn7hdkPSCBx6Cedzi+LBBkIpEGdg+x6wDQuU=":{"valueMac":{"type":"Buffer","data":"Tw2xOjGkScfmBLGWxFr/yqgnuC2VJR5EaP4ANtENVEo="}},"MFKrX6/Mefin7j+R2WTX4y6OJpmwnHJnBl8IM9tlE2Y=":{"valueMac":{"type":"Buffer","data":"P370XPE/AfgiWKl1d6wBWAoHWIUWttSdFFNXVXxcRyo="}},"5738vV8ldoZZkO3eeGqObfn4Cu9WY0IQhv64PrfBqGM=":{"valueMac":{"type":"Buffer","data":"b+p6x3O+NEd3HujGdDnhcvZxClY6Mbzf4foJ3vQUijc="}},"Argg939YdHEUNN0t+NJZNNsPPZs3UFISSu94Nk3gHLc=":{"valueMac":{"type":"Buffer","data":"Mn3zFf3IjtMJ6KSY2+Ns5jtzvTZvFKd9WKJaslj1o/k="}},"+tAXgikn8qSFWmisHGqS2bNz89tM3bqqtjajVQGu77Y=":{"valueMac":{"type":"Buffer","data":"OUlLZ8qudKs5wiSOGBSiN9zWOD+4H+oWlGybkIWkMG0="}},"l0Usi870ivA5Yz4Pjo84QpogR3SdvaaJAaT9Jy7VXYs=":{"valueMac":{"type":"Buffer","data":"QzvV1iZzzvo/zWZDpQ4GRsgeXmpQbi2gTRExG9UeFu4="}},"ILbTE4Y3w/0FlIyljXS3PFes2AZQOxP7pr0FfeqFCGE=":{"valueMac":{"type":"Buffer","data":"GChTIj7X0peld2o3vWsC9bnz5P8b9IBBlufVXEHqA9E="}},"PzM1u7T3gGKKsgnHy9Zx5pzw9/oCMnSAQzhxnZANVPY=":{"valueMac":{"type":"Buffer","data":"8DC11fJuvFM3zSLOK36cbderSTXg6lo5gsS8IY2/w3c="}},"jBbMcxpyrhP2zq1qe9UBkDNo6P7BZ5p1Yo5CzbHPcY8=":{"valueMac":{"type":"Buffer","data":"INqG/hVDbxCRS/fjv/GsuBFeY09ttz0OihtaVrc8QE0="}},"WdZxVmhs8kKzr7nkAMshjBydNOSb7OPZgPF69BkZ7Us=":{"valueMac":{"type":"Buffer","data":"HYlOoOJBB8P6oYnCZtEEc2a/Ut3rw8C5Ac8u2P/YilY="}},"Li7P+kPr9qFuElFa9naK7RN6IcgBD/AlgazEsjZ7lko=":{"valueMac":{"type":"Buffer","data":"RUw7edTGxoFtCuEbPIajsm14AA48Xwl4X4D6QuqZJ8M="}},"NVWHaVSU6kpmcnaTXEJOf0ZxO9FzNUMJjLHaQO5m0hs=":{"valueMac":{"type":"Buffer","data":"yIsLQrBEudC3TQcA0ur6i7C6mgj6feluAAsH+nPxCHE="}},"GWRpp1CBDACUSeZB7r0AxlA9J7BfygKs01FXotA96yY=":{"valueMac":{"type":"Buffer","data":"pkcgPN9nCLZ9Os7JiIsy57tZrUZxPcTtpWIejP3EB30="}},"EGdKpTJ4OqA8ke0Ohij00ACYAXqnvdbFDJyXAzx0nPM=":{"valueMac":{"type":"Buffer","data":"/NBTc8aR/SxXwLJcCRd4P1f2zY0seW55uU+c0a/+7aw="}},"Pa8wXP9cMWG+106hwYZqh2HgQv82MYz0Q1ezolYJrL0=":{"valueMac":{"type":"Buffer","data":"evmbxEDMB0U/ZQIENGCJKK/9rHttAVR4/Xh8pC4j0ec="}},"P2aFn8IBWB/2MOCPIVYxeoOYdeZJ43cjk5mFRLuszBY=":{"valueMac":{"type":"Buffer","data":"e06lhxe2h/V/WD8NkrhwhEqcdDf0Y1DYC8gsy82HWyQ="}},"DBYRBgstuf8T/L1tXCdkQA15fhFkT/EzwB+z16NYgMk=":{"valueMac":{"type":"Buffer","data":"J00gwjWsqntz0KvRRDKQ7GoGRK2hDo1XzF+Lfrn+GGU="}},"lM1tmbcZm5MvI7dZG2OsKa66aVAwpC7Ph0jexYufMQI=":{"valueMac":{"type":"Buffer","data":"ovg5IOdTD9SeUHpUxT8zwCItB18VWAJDA+5ttRwi8NU="}},"kZ2yOOI/StaRaLFdvqH11pxHHhUFrQ8hl+ZWkB+Vmb8=":{"valueMac":{"type":"Buffer","data":"ih50GPwMfGLAdKCXmLXUQ8YGC1JKEklpc2vkuDfS7sc="}},"JtoUaj9mui3H1zpIc+qoBxTQ9vQNiclHyBieBpa+gvk=":{"valueMac":{"type":"Buffer","data":"HdrqSregZVuq/Af1/K3LoVXjgamBTzdHjTo3T3esVGw="}},"BL2xWkqpzg4zqP9I3Ik5+BHzL/mOfpPdN/cp5qk09XA=":{"valueMac":{"type":"Buffer","data":"uvHBr3ebWa4YS2IJFEsuHRHrrM5Mnqpo5dWagOpu5aY="}},"t3JpjY74PkFNvL4W3xT9EqypwdT8xCN/mYxO+I5vUog=":{"valueMac":{"type":"Buffer","data":"+ZSlAUHsHPDiVZjrP+FjsRx+gvIuGLqo0h+SgxuLa5k="}},"E3utro6qUqKAGjeutUaNGTr3lavNErTBQyzoFGya1hY=":{"valueMac":{"type":"Buffer","data":"uzlKbkbwQa9j6jG4Egxuc+VyQAuuINsjfBuMWvdt5sI="}},"CmXpCYTuydmErZ2xeC6SoKK51kaiRqLDBf/lkgNVFTQ=":{"valueMac":{"type":"Buffer","data":"YzLO9ikkPoFBITSUpYTbGCHIFzfjtbrTJs20VNrqIk8="}},"GizT92rYQ64tXPa9qEV75ckXXq9/C5pUvdOSswO1Ihg=":{"valueMac":{"type":"Buffer","data":"7rhSYAZkihXeiJx/BujCROAdXQf2ypCNAsAN05hF86c="}},"C/urkUgFS3jgPe+dfYB0HUNW3s+T9gatSdJagOlVdyM=":{"valueMac":{"type":"Buffer","data":"Wr5zwCenLhb0EMFm3h3KR8Belu6ty75jdNDxxzpHABw="}},"JoBIULrD/8YiSz8OnEyo1oC8nCEjNQd6b62Ucp4/wXg=":{"valueMac":{"type":"Buffer","data":"+icPdt0HltWVvCI6XERaDz3e7FdKPnKicTKKTOyYvas="}},"l7sNlHBn6LKWTVLntaXpW0qISW5Mv7SfL5wXIAtAMd8=":{"valueMac":{"type":"Buffer","data":"SqG8BZic0yNt7lgL8NHeV0wS0Vl/0HzYsU+xRtsFphQ="}},"Ojcyj8RVx0Qpp338ZXSYrX3CIrSHfE0CUgFp58CMH3I=":{"valueMac":{"type":"Buffer","data":"oCaKb6q7+9woYWecvOxqyYBhNtqGP4CGZUa4nEFfHeI="}},"BmzxtkDpuSLftJknwfwEo5tsREJgB2WKKER1vEtO8+Y=":{"valueMac":{"type":"Buffer","data":"iCmI1IVCj8iFC0IAbk9lTPP7bZvqVrFWhwUsCLhOaU0="}},"gpsdSrLA+1qEZoPMSQ7mKv7QS2sJCN3Unc04+vaDsHs=":{"valueMac":{"type":"Buffer","data":"sA8w+bmd514oXUcuKDTW89r0X0AawZnbqRa5WXE/InM="}},"WglWlHq60ZakfkafP53QhltFywDgDwvOFNIdHbI8T6Q=":{"valueMac":{"type":"Buffer","data":"+pfz6F3yK5AnhBQAL40Ul5TyqrKP4HyVuizmxmkpWO4="}},"PjiYgPxp090f0Y7ygqdL7jNIxwQVjHQSSH2WglXRKCE=":{"valueMac":{"type":"Buffer","data":"oMkG8+QexADwVQ8Rj7KkA9VRf6xkHb83df5z1bdmxBo="}},"tYG8tXOKXmo9HBRF/+Y/N1dv/IXLaZKSqadZgGGC410=":{"valueMac":{"type":"Buffer","data":"nGrZ5VfPDhgpD7IFgA5xfmYfaCCTf876tOB3EMh38BA="}},"p5hQlODgRz5RgA44DHFXSBkO6Ixkg+96NNKZOGSj9+Y=":{"valueMac":{"type":"Buffer","data":"f3Wrm0iYB3ife16ydcaVPjreBmPyA4aLOgRYVMT47Hc="}},"zKsLTmSZOe+y0Ng892dYO+CSLBxlG8mTR+iZhsIqJkM=":{"valueMac":{"type":"Buffer","data":"qMApPhbDQqzmZaKLt97s2ff6EZU7YI3CKSEprth3pqc="}},"Wm0nIDFwlgUu5xyRtK+sONzS6Ungl1v68nT90I7608w=":{"valueMac":{"type":"Buffer","data":"0QPh0acYD2gjMlJZbL6s/xGuCD7l7173GRP6Euo+KdI="}},"HQ7EffNS/iYY9xJaLIN050P2e7WW52A84DgbYqvYoZ4=":{"valueMac":{"type":"Buffer","data":"q8156UZHfN9tp+Z9p2p6/9rn4F4dbYNEZ8+sjdXK5mQ="}},"U0EfM18dFrLY79F5/WzGXmvsLklaZ2MRYfYgoMWw7Eo=":{"valueMac":{"type":"Buffer","data":"fL6fx71SjRQGL8GG+tXA4P4knzFSswVFaZW3ktchAnI="}},"Z+L3tdv5Sw4+jddXJd1KyEWInt37WUmIQGkO0IbGr7o=":{"valueMac":{"type":"Buffer","data":"o8TUUxFnhck6S1Dk90i2o2JWBXUj8xwoqp2PxouNJ/Y="}},"YlkaTDdsv4Gi7C+o8aaET4AYsmbEPyGvNtlRFT+vsn0=":{"valueMac":{"type":"Buffer","data":"jucWtULvUFP2Lag8AfT8TxZJ1B1HIDkLV9a7BvCwsPU="}},"H/idD/epsgXFbOJQrzaqtitB3zpldw4DXI7f+4K3ZvA=":{"valueMac":{"type":"Buffer","data":"t/KxPCqgYuIC9/MLZ5zH6c6+1NECAjzai43uYFcwjcI="}},"UN31fNye5gbB36AeTphpHEWtwvoYTSCpV5LilZUxmzI=":{"valueMac":{"type":"Buffer","data":"E/g3rR3EFG/w6T626RDmb9cCQRsEj68eIEiZV0siFjs="}},"ZdjF6on9W89aoS10eBcy4oL0bSoqI2I0CdVoUcdA0d0=":{"valueMac":{"type":"Buffer","data":"ULxpba/c/tMNlcRnPJxtB+2dktUXs27yVW4KJAGZOWc="}},"Ne69ZIStwyFza930pc0xvR/z4QpBtRehigiOXPa84F4=":{"valueMac":{"type":"Buffer","data":"it78y7JbVQxmbfhxzWXGRNMT1fhIXzxiwKY8R2vM0Ro="}},"d/ZdW0TMVdb2UAvGk1hwVuZpTcm1xmcILsrAYLQu3js=":{"valueMac":{"type":"Buffer","data":"vbiYSoIkq1wHKu1GDGpJbpGqcZnmqzIhUgt6ZoeYLX0="}},"g7RT0YANml3Dt2yM47QDsRVl/+XcMHxqqd0Pzop50M0=":{"valueMac":{"type":"Buffer","data":"OaK2kCT18tDXMbppbwfxWqNOZbXSAxyDZaxxRHZEnsA="}},"nVJoQBW7j6BxbpkoEbHac5R4WwAAZkAbZ5Z8TweF3Mw=":{"valueMac":{"type":"Buffer","data":"p8BOaoOWmHytAsNOB6gwvG2bYVfJj/NnBrzUjx3uX/g="}},"As8kA88TAg9eFGPNXZ2dgo6tXP6+xTf50QiLL/aJl5g=":{"valueMac":{"type":"Buffer","data":"l/shJQVo8cTwQ08V5fqYi0kpAN4XIEhBQb6HzxSwQT0="}},"NY61zAQe5/Ly4wqp4FpXWJSeVO2/94GFSZP0xJ8cpBs=":{"valueMac":{"type":"Buffer","data":"S9xVfmjSJE72JsdG5rca/kWunFZMWgh1h7lJSQdtbcY="}},"DlS/tDdX6PfHLVv12D88pFPJVDDVgI4DZcqln6LaIMk=":{"valueMac":{"type":"Buffer","data":"cFuKEF2perWR4zc0jedgR2b72pdQ3snN1WMGMZxFE6M="}},"Ts+d+lhHZAcwTt5i9ucO4egNDfLoRwfVXAJW2C16PGY=":{"valueMac":{"type":"Buffer","data":"6CLgwkBf7oPYJ5opvUqT5nMTTfvo7wFXA7g5k4xb9y0="}},"FfVeh0cLPho/HEQO3XpwdaO5zxM1LoDSG/mCr7+ko9o=":{"valueMac":{"type":"Buffer","data":"/xvsqy+9wIKnfOlX/T2HjRTAJdlxv3MCvN+CdL1vT+M="}},"JznoRSeipfV5a78VDF/lHYYtNdGzN9NuBxVd8rpu62M=":{"valueMac":{"type":"Buffer","data":"0bRW9qf9/0mp7xxQowvTO84G9AIGY8ZP66j2DpuHKN4="}},"TZvORheio63BNnN2dC9OdpIQKbMPMbD2odgLeVgtjwI=":{"valueMac":{"type":"Buffer","data":"rwxk+GQw2drU7z+OXMXfC8F4RBZ6zVPWahZ4mywuoRA="}},"UP/RIltVNxtxh+i+0f9D18gEky0wOllxbER5KXkH55Y=":{"valueMac":{"type":"Buffer","data":"2Mb7jFSXcPP5lYNbdgQPPXopR/SmW5/ofMEBUObjVCs="}},"aYWWGgOcOCB3VqMsPKtK687NRODRP4+uU3g8AHQJfe4=":{"valueMac":{"type":"Buffer","data":"CpTqBkzyhy884ya3hiXzgFmtoMT/h7jCfLHCJq1DjUs="}},"QJ0N0eHb4qaZBZwWTV+3PF7lp4pm2wmbNET+NK0thh0=":{"valueMac":{"type":"Buffer","data":"RoPoxFh0uLG1FsS7n8ZjV8HBxlfAWh2Cn1vZaTmHEp4="}},"bihQ5hhGZ/9PNqjROTHE1LVfeN6Hsu53GqjIoEN0rUM=":{"valueMac":{"type":"Buffer","data":"eh+CFBU1vwiLJgj/RzJUYElGZ51TjzsIJNe8BMg1Omg="}},"jbvYy/4ohfVrDHCay2gexBgehq2lm62R8PP1kZF8OsI=":{"valueMac":{"type":"Buffer","data":"mHgTWBi9PzVDQ5cXgCEwA4OCxrfYInGl1hLbjOYjpjI="}},"Eyxh1D3e3Ol4SqT2swN4Hm4rq0BalGUe2+GL0dghdnI=":{"valueMac":{"type":"Buffer","data":"IjGoDlDELxgfBl/AcVQjkbdJ3eEdEOTtwq+EBTWYNcE="}},"0fOVUSwoFKCTRPSzuLmo7DrDUcOuF/bQEmdhuU3aXi8=":{"valueMac":{"type":"Buffer","data":"hWxCkKoxleMN7W3YB/6gLHlRNaJUCx3Pp2giEhYuYiU="}},"zs0vhqVHWU/gBGGMSyb1xnZnabTqaxIHjqEFkL3W6m8=":{"valueMac":{"type":"Buffer","data":"3jDMik1GvZkZ8k1vIzr8cq7hHm6IU4OZic3ZaBWX17k="}},"5xbAept31C9CamjmvmTWz0auDM9gbyxIP6QBhPQz++g=":{"valueMac":{"type":"Buffer","data":"FZ0yogEdrK2jcgSJMJFplEywh3N0fcVyfl7nJ7eQopY="}},"4qn6QZTcC1aleM92TFjnwcvyJ5xJF1hkWZH3ymCfSsQ=":{"valueMac":{"type":"Buffer","data":"MeHb3Nm9hhbH/o7NzFp4aoyiqZn2i1KJbNXH7sAJrdQ="}},"BZ+KPqrx5q1SbsM/HMF056J9Hpxv7r+iUgOuSyJQQ5s=":{"valueMac":{"type":"Buffer","data":"zhO4FADt7WexjvoEY6/HW4aReI8AXXDKFtRtbRt/OrA="}},"PCugU7dqJ8aBWNL/H8PLLEkziR+qLz0WuJswzddWaV8=":{"valueMac":{"type":"Buffer","data":"O4mJIjD/8VXkZ4eK1+EQsAqn6i6QcRhGkKBaLRQAQso="}},"E6ahGgyfz2beis8kaofW+i9ZGS56EwO2QIbTMaqQaV0=":{"valueMac":{"type":"Buffer","data":"fhnK1qMlzsUCxLT9fwUVD/olQvZ0RB00YGU2TmHT2Yg="}},"aZD0PML0H+Gf8It5/gT6ysO/1vWoJChSOODKGjN3L68=":{"valueMac":{"type":"Buffer","data":"269gpIKT7LdrkD+tt1Dqc1F3qqlhCGagRd1yIRHN24A="}},"Jv0RDEQRobBIXUzbK1PWm6nwQInKicJI0hh2To15OR4=":{"valueMac":{"type":"Buffer","data":"c2VezVECH1vwfN7CkAp1EGiCvvboiVBjdT5gx6GloGg="}},"3VHwOHvVcbEOVuN3EHddT6hwdEk6njUT2TRfDvbeCCk=":{"valueMac":{"type":"Buffer","data":"Z9YCXVzIfIZcn5TwKjCN7CYNlnJsWHYeNNti1FsGJj0="}},"NrXb3Mf1sGUlUc6I/PBnPGbRsW0YaCoFAcCiNXwK0Yk=":{"valueMac":{"type":"Buffer","data":"U/0WcI5ElQLO9YEDv+Yq1QJEl4r5XOrId1u13U6/B5k="}},"w7d2wvEEOwNrIrnfjRz8oMxrFJOCwhAZe6qEg9oMeaA=":{"valueMac":{"type":"Buffer","data":"SBuj73Byf1YzLMpD6dweA3bxa8dWmYDg4GIgT+gHzsc="}},"p0276uo5oB7ZdPfxSE9lF8IEr+xciuLO6rGOtGJ1COg=":{"valueMac":{"type":"Buffer","data":"SRKiUZEPPBD0dHqw51T08Ys0vPyIVxN59cHMkjVVWus="}},"Gzi+HSrdv3DyL/VWfG82/b9o1NCZFnES/v6TxI8HcuA=":{"valueMac":{"type":"Buffer","data":"trlziiPTCb1nau63Bs9fxZArKBEkKYdJSTCdAEOFSkw="}},"8qEkZ05DyM+D/gnVf1xtzE+wq6lymYl94cdmru1RBCM=":{"valueMac":{"type":"Buffer","data":"/CVHTbNmz4fIygcdnLHQr+IQjdy2nEaZqilzvPfe7RY="}},"oakNiISsmtIBqjvJuACmKq97d/pFc/IdP+BJO6Dj+1c=":{"valueMac":{"type":"Buffer","data":"tpH+tpqqdi5HxSkrFynvmu5PTbx7qdFPoM6tRLpaq14="}},"fmnjoD33LOFResZpLKOSm4mT/X9qmhU3vUyhtBBG7go=":{"valueMac":{"type":"Buffer","data":"EcjsLqRdlrOTXcDoXMJoX6bGO7p5Nwz5jBFQv6IsRE8="}},"AdWDUws0BWy5+HCm4QheeAYmxekfKycGOOV4oD9IAD8=":{"valueMac":{"type":"Buffer","data":"AGqPKKgGWRp38xmeKzZEdtktXrdsjN6wWo+nLNDbw5M="}},"FDTpNnEJTFu2bca6jKTUd42qZPesgGpjXTqxWraWLvs=":{"valueMac":{"type":"Buffer","data":"zj94bDNrc0FlmaEhwGflqB4MYr819RDgF/Ho0kC67LI="}},"5xkAjcrqhJb7O3+KeYKvftpsI6H5pxb682IZKfWcltI=":{"valueMac":{"type":"Buffer","data":"XH+qKnXhY2UON5gaJOS0yEBsE0EmgDfxdq/BSato6tA="}},"+kbktktX3XhNYnOa2t4VtG7aLAxnE+4QQNoFeZ+FGGE=":{"valueMac":{"type":"Buffer","data":"C/LdTYKi5uMekXtU9KuGigDvJNr01l30H8dP6LjCEN4="}},"uUD7pyruZi1UghJNSfw8fwBXbh9tnBzb+uivgdHuwVI=":{"valueMac":{"type":"Buffer","data":"urk5AKhl/6AfeHvEOEfru/Xx8P9GF7D/BCAgmfPKzEA="}},"yhyHjuQOtJY5CQOpHcxi4pAoyRhF54ZPQpF4Zkdl0ro=":{"valueMac":{"type":"Buffer","data":"uVg9LhurHV+UT9tEtC34optzU2lL6OGYInfalvDZY1c="}},"P1VXCQ58h8WA3JaW7rBHLAm78MrXsoTJAU7tRtcJWNo=":{"valueMac":{"type":"Buffer","data":"68LF8/hSXyrKL+Jr71UMznM1eLx8g+3+6IVBWU9DzD8="}},"dxDXgI3dmbtwe0iB9D2c5QYjFJ1YueqonLDfjUICi0Y=":{"valueMac":{"type":"Buffer","data":"nQBJicHkC7LqrDE4x9wer8ThE8FGSGij4lW0vCFxTr0="}},"Ix6CzTpIKalmyom18GhxWWDEcGbM0bKIRisxueJjZUg=":{"valueMac":{"type":"Buffer","data":"cQ866ksicApN2Ej3GygDq59nmEfXLVgZe7kBfoeLLxs="}},"deONkd/w+MYXPH/QDcK/BzCR73RvcI9mPjtye+AI8FA=":{"valueMac":{"type":"Buffer","data":"pKNwSumb3YbMv/HfaQDa/vYZPu9b+CYP5Wrnak02GAE="}},"yMfsPk2rB0pbvK4wTVIfux+hV7+bcqANBCZnsuhFWPQ=":{"valueMac":{"type":"Buffer","data":"/+wyc8dh32HMI1K8W+Uxsxo5PvgtBKENyy5e+0zWtkc="}},"sdivGDqWl8HeNVe7blVE+R3ZAF54w4vZRKihdAN4CzI=":{"valueMac":{"type":"Buffer","data":"sfJNI4VQdz6Ha52DFxb9KOiz5L8KAC2kI1btYpY6aHs="}},"I1M5jVAgMOPQb4sPVJZ3chRT93hA9tVsS9ciX6VwDRk=":{"valueMac":{"type":"Buffer","data":"EhVucwGAHZx/o22ffhHu+FvaWEE5tmxQAXd5YIWZMyc="}},"z0oQil4ItJaZJoykV3tpaniMa9392ct0k+3TZyLasAo=":{"valueMac":{"type":"Buffer","data":"9GkR5iVif4EtX9ggRMKUOM/koMoUPBTaDV8sK7edu14="}},"1jk2tiBOUakh58thoF2rnQbiWehzqKRJVUnDpYLcMCs=":{"valueMac":{"type":"Buffer","data":"fSWKS/iJhx060yxN1FPaThPrU+qs0U9hnjqYg7x8TfA="}},"t3M0/8YqjODlO33U88mUm+lTKq7qL0ud4qf8ZXE+DH4=":{"valueMac":{"type":"Buffer","data":"KSVsS+zkcntEABdOc3lnBOEPTUCxdF5N2ca0DOb0GSc="}},"3TFFC7Eb1eWNth2g6YdJ9FwW5/uKFQm11QEMdjNxyDM=":{"valueMac":{"type":"Buffer","data":"Anfz6yZCWJ1wdJZYM5u076JymysRfj+vshkZdyQ8arM="}},"vDgYBmf/3HFxqTyLeDuylj5gmZnC8nQW0H8RyLTNizI=":{"valueMac":{"type":"Buffer","data":"VXGc7zM0FLc+oKv5TwIstYXKVs7oKko1qUV+iPXNbcU="}},"Q7e1nnZIU+ie2UjMm3LfmY9bzQU5uO8zf/nuVyhpoSY=":{"valueMac":{"type":"Buffer","data":"7fUaPzFrpEE7lx8s8aTwd7e0w2LUBx7Gl8INI/WIj3c="}},"tQjeS+TPimswujGZ9ShUxQgGya3pB6FGOF8gKn57cX0=":{"valueMac":{"type":"Buffer","data":"+F3AIK65hYyVh2u4oAAJDOz83HOlsBrXKmfMzk2ghHM="}},"bcp5bw545FKBMlu97yycBcOHNExY3n4eaEXf2ShbGTs=":{"valueMac":{"type":"Buffer","data":"XXJhJjax8EzOU3EP5CBzx9zivWg/4nd4mvysOJYFRyA="}},"S8OHC+AXXGfX1geeyNxdGM1nMbDwol6GSXF5mSBsBrg=":{"valueMac":{"type":"Buffer","data":"tcQMcPyya2BMahGe0NbWKeRe8KjhLWvKU+KH8dHZHXI="}},"RMEIL5x1QMmWb+pcNdujNGDtKPlShV2H40VfQqh15VQ=":{"valueMac":{"type":"Buffer","data":"DjF0jTSxoJUlBmhDcF16+XWPamOd7GVC9i5+rgJUs40="}},"zjFwHic2dP/0ND2oy6zZLVfsYNiAuRj1Q5D6M5Jneos=":{"valueMac":{"type":"Buffer","data":"6H+iV/dVdZbmDFAJJyGZFjfyYh9MOw/iobk5UV4Ys7Q="}},"bNCwJTQTwmMMrm53yAK6fJazwKcGS2EQeYfcnJV5BWY=":{"valueMac":{"type":"Buffer","data":"VVqL/RxKyGosfXgNQwu3uWqbh0D5OxM+jol5iqbxBKk="}},"jkvY/uJZguooKM3Dx8avlcQDfipRZgFDwV23QCqX3zs=":{"valueMac":{"type":"Buffer","data":"MTDEEoB+p8RxAV/TOJRbJsp6jJbpOerSX9Yyu9PL0ys="}},"KXboaNakq+eXUPm/OnaS7+hfWIHCrsfrPxs6bi3owq8=":{"valueMac":{"type":"Buffer","data":"VNvciPzVgaXV64dgYDPSCxC1p+IQbtU/jDwJ0nvM/JE="}},"iXcj2BoMnXzhFg73Z48C9K5ngFgBCHQpGIOf6P0n1kw=":{"valueMac":{"type":"Buffer","data":"gacMqozgDhFIZkKuC34NkN7D2B2uNVebH9XsfDJNEvI="}},"S3sHGmEqX+JcgeM0TBd8PSYiz5M5B6ddAXGTmqzCnno=":{"valueMac":{"type":"Buffer","data":"Q781czBMLXQTvXGziqBiRJLhZz1qPfDj66nE3v6NPdY="}},"VBOp9eIkF/agmUmb8Oq/Gz0bqJJ8zeCR4GT/Ry7VNa0=":{"valueMac":{"type":"Buffer","data":"uWmhHmqAKVkkJXnBDrNPnAeOYizU7Gwhdg4Sw2FAvW8="}},"G1KAufurhSe/TU+PGQ+zKI5w2FGrSmxmAsImsHsOm/M=":{"valueMac":{"type":"Buffer","data":"AE6nNHqozQIqbxAz4x8PjIehV2mG7DW566vX0+bu5lA="}},"PVubYixl0ndZqPyzJI8VIpHzT0w9wB2Smk6cPzJqIWw=":{"valueMac":{"type":"Buffer","data":"HLPW/430B8c7YUFVJ0EwPfbQexqGHPAK3i9ekW3cCmY="}},"J8gz4xzKrhR1fGps7uFVIJLq0K5Z6GdpOBnnN/9tMBI=":{"valueMac":{"type":"Buffer","data":"txNfehZb/jJfy3zSgAZIYYffxTPuFkf57vC6D9wHLm4="}},"RTpKHbNA7RuKZzYmLDmEzGEmiY2oQQfLUfiuEOtUrZM=":{"valueMac":{"type":"Buffer","data":"XPiPuGMlI8jrXCki7qCswwjr3/YuD72dRf4LpHg+0Vs="}},"JxX9W8t9nj1k7fxTD3cJlHESeUaJ5IGvAK2Fw8bkZu0=":{"valueMac":{"type":"Buffer","data":"l5+KO/CDBscmkTDmUfjIiSt3tryg9ndEnpFdyKT/dv8="}},"eB9JGM4hXClTwsyii1lLyi/IMY716PestNb6bSyxBBk=":{"valueMac":{"type":"Buffer","data":"q7No+vCAx1KajNoTNNAvcyLe8fh7V3RxHiXjFrndoBc="}},"BUIxdoTaWGXBavw7C+67k9xBksj2JOgCQP+ZZ0l6gy8=":{"valueMac":{"type":"Buffer","data":"lLPRtM6wj0MGOax922WsssRuTprNkufK0a0Vf5lLY1k="}},"QzPksrKTvPBBp+XE2T14T0O1gfkHmfMW2m61yh4yMc8=":{"valueMac":{"type":"Buffer","data":"LjkWJT0t6kSrqBVWC3/mORWPN/i5FDFkmW54hEfxTok="}},"JTVX7DwfTLpslgpKdbJC0UhbUbDYC+eRyUfnr0zRu7Y=":{"valueMac":{"type":"Buffer","data":"5LgF7DYBmCQQNLJr/1TgE42fP6XMaD6380mBpK3I3nc="}},"xRa13bGdyTk/ABSmw/S+dU6oBL/1NeV6JiaAPrrMBqc=":{"valueMac":{"type":"Buffer","data":"zzOKSmsM4SutUv8uBaopG38z7P8p/hPPjzJp2Pv/KG8="}},"rUkJlJjhfe81DuyPH6ZSo3y5SVHU5Qn7yPTE4rNp+HQ=":{"valueMac":{"type":"Buffer","data":"vrTCrYGbgG8xPhrrXpPwCgPYbpjimJq6eivI42fpicU="}},"qvsyvoU4ufGPns5QQ5oegNxY71pctpd4Dh4MHaikBok=":{"valueMac":{"type":"Buffer","data":"d1hygG0+4BTktAvucA8Gfm3Tzg0JP41KeuNb9OUV9y8="}},"hTtVOAbU13dKn0Tz8sXbwIQdocJ/3RuJGH+TI5NjTko=":{"valueMac":{"type":"Buffer","data":"yv3qz1KPKWQVlp6phtrcJ4z+CczJRUrgLrrU+tobICs="}},"jEAnGUXS9TJX61+Y3soqRrHWg+54K0w9YZOaABx9Wf0=":{"valueMac":{"type":"Buffer","data":"3M6/E+1PMcI6XmdHpzJ1nVk51MIR2oNtPOZYAKkiJxk="}},"4DIWCQRGrJos/gjHtwCEU9P8YVyBfE1zSCLrbnVfKFs=":{"valueMac":{"type":"Buffer","data":"JiKqcYhfcfv5uOByoqaL1tisqJPtBLNjdZxP1Jxf3I8="}},"XEM2MT9PHtL0fpVu1x06ZWQ10/WSOAG6nhr7iDyHQT4=":{"valueMac":{"type":"Buffer","data":"NoIHUjP725bXWYawd/oADKOnnS/kcGYLxF7Guz6/jgU="}},"lriYKSsW6LJpOaCIIj+otAMTyVLotzke9oSTHvDq6wU=":{"valueMac":{"type":"Buffer","data":"xnhLUnerkGgtJQ3Cju7LdCRqMhoB4O6BO3GHQaqapSU="}},"WdmAe1z4Hq6a02AqIQEj0CzLFj9aF97qpjHWqpy+e8M=":{"valueMac":{"type":"Buffer","data":"LX+QiK8tdi0hnz2x71fEYu7zi332jDSvsRSKRknpqDo="}},"m2fU1Q8+OANWwD5NaNaPWWuWvfb2jz4SoHQdEn9Y2Uk=":{"valueMac":{"type":"Buffer","data":"GNv8+gPGK1k+eeMHsrTzpWX/92GdfgYB5HyAupZ3Hqc="}},"3n3gGNByiYGFLH9pGQkWwRx0CDJYOOcNh8HHSjx8VMM=":{"valueMac":{"type":"Buffer","data":"jYSEju2SfkOuHbtn82M49nSYrsh7vA8AFjkq9mLUkAM="}},"b4lWcDeUa5Cd0tyOPx/AP0V7Bol9t50CRxdAx5VB04g=":{"valueMac":{"type":"Buffer","data":"rdBYWpkpJsRSD1dI1iyPNkxNe/JQR8PBNybAqjXwpEk="}},"ZerEcqphVTuyNhz1GFsdZiSmDN9f5+Irzxo+c8cmD+Q=":{"valueMac":{"type":"Buffer","data":"3fIMvT5MWMB8qoZ06Ce+wy7DRMzjSeN2s7AqPauiRxI="}},"0aAnIRecQMUbE61nJObh+fBGysUK+mZsAY5kdehxQdA=":{"valueMac":{"type":"Buffer","data":"d3n3+44EgsaIZINqekPOesLizpBaShZR0HBOyhIlSz0="}},"6ojw/rUXKp5y+w/QGTFO6/zzc4lhJLc2FAskvbIba9I=":{"valueMac":{"type":"Buffer","data":"ggoc7pTdBLp/fkeLSeo4GwaZrolo0z3jU+eOGpGwHfs="}},"M39f5+VJSxKrQ/qAs9A35SrK+aHoPGwqFJKSo8z6e9w=":{"valueMac":{"type":"Buffer","data":"eL9UDL5BAk9n7/Jp2Ux447nW4kP/3keI4S2qqsNDIyo="}},"x/NXSybpvG/fYla3zmtan+dNzyDiDyndfihJERNNXrU=":{"valueMac":{"type":"Buffer","data":"pLTEi464I3xVXodHbH9WhHzfN/yuflU3FZBXrWZRr6E="}},"u0IXZfnZkxanZtn8p1Q4CWLAlkDUP9tIkJj86GEHl5Y=":{"valueMac":{"type":"Buffer","data":"9vstRFemkC+IT9TKqR9IvP2h1gacX3Z/ts1DfZ31QQU="}},"aOslP1GruuWSbSALUkfcE+47RJOO7fnn69njiz5nuXU=":{"valueMac":{"type":"Buffer","data":"P9100gceDgUZAH8wV5ICj3ooujcKoZodw8qSsBkcmIc="}},"9HjB8xA1d4GGBo+84ZYVS7J3/MnSa4ULIXr2TBGL5a0=":{"valueMac":{"type":"Buffer","data":"XPXuLBhdxhCfaflhZAVFL1EQP3DD6Tlkh3pTr9EZE/g="}},"ID5hFNIFMag3QRWK5RBfUCX04ZACRlDRPZvBKQpilaM=":{"valueMac":{"type":"Buffer","data":"ZPXTDS46Huo4XHQCL9F8mMZ3b+HSGbUCnbgt54fhNpU="}},"iMwsCXoHHxltmhSWwRpB7ErBH0W9FM+22Ixmv1IBcOM=":{"valueMac":{"type":"Buffer","data":"w8ABzPgWNQ+xIv+xegkCndk7ontyPquf7ZjtK8bzVGc="}},"ecVWBIXUFGSE7KgY2C92MGa8TxmTLa5B4in6XH2qLNA=":{"valueMac":{"type":"Buffer","data":"SpNdkYiUa+u3/vt0qLAqS+kCDq2DQjB+sCWOvmg+vbY="}},"52C2VOlTtPbeEArSC7ebk7m+4fJAFKjrch4Kar9242g=":{"valueMac":{"type":"Buffer","data":"/aqD9Pu8Q5FqVk6Yv5ggnLbwy5lJrrwJMrSqQKeC/3w="}},"jyXktBxP6sTueHthiT5Lt+2qxkF3UjQQBDbWEllfygg=":{"valueMac":{"type":"Buffer","data":"+eI7zvHyYaCaVLbOMG3wm+30NrkTGfujMOvdBJqKHYI="}},"JAcwd/oUpOnes0Ywn5K9UnId2c/jjiDwgPrFT5YdhoI=":{"valueMac":{"type":"Buffer","data":"qgqpr1cSGesyjMqOtV3nd3JMSmPwgV390w9Ip+Xl9Zk="}},"bALS7ujqkVbPhj8NesphVm7cUCf6LNyR7xmc+5WZE5s=":{"valueMac":{"type":"Buffer","data":"P0scd7N5PxG3DhCvyrT06YSESuYzuirVoM2q7DZ08Vw="}},"/z6ICRq1kqX91S5B1nX9t9YkyhbyYntFxBahICSYXxE=":{"valueMac":{"type":"Buffer","data":"fFUu49WfZx5uLc8eAzx79pzJw1woIvmF+VQB+tSkR54="}},"/kjkwvLcP+zF0ceTitNUF4flz1eYF3MndiVpNR3PvO4=":{"valueMac":{"type":"Buffer","data":"qssdr2FVrAP78iqrBSgXskcGZsWm6dQF8z0PZ7f8Qgc="}},"L7Hd844V/seNamH+gZDrEoQvNrgoxvA3Ef+fzykB38U=":{"valueMac":{"type":"Buffer","data":"yAm6049VqK6pOawuKiXS6LCA1E8n/KwRlpzJP3VulB4="}},"x5OJ/xNVPN9B9Mx81qSyqVZdw+jwFnebGSxI+BnjN1w=":{"valueMac":{"type":"Buffer","data":"IcLzGO8CKfjF/IU3qswxqn+tk2jHTX63CKrPiNUWUWM="}},"Hq/Otvuj6/IqpS4BelfTkDxhEguB3fjd3i7LGxliKnM=":{"valueMac":{"type":"Buffer","data":"rqgv2wAHeFU7/nWf/1OPXMSTHcaxrc5XRo1/0yJ3gxM="}},"A1DUs7+rKUWTXb5iiePSwY1jZYjEhrtWQr2KNFcRm0I=":{"valueMac":{"type":"Buffer","data":"OyMmiOalPyKqaVdUn5ZNOMqSOXcXZiayvJ9EUm1vxJ8="}},"uiQhNOgg+Q7er4shOUiYlK6f7HR7/R7y5OCiExOK/gg=":{"valueMac":{"type":"Buffer","data":"d1c3CqgfVvfb/YXGoxg+shQcdvSbyn3Ei5PsS6Wfm/4="}},"8Cx6f54OHxtPtneCI6g6/ebn4nIuekC/QorzX9sWNmc=":{"valueMac":{"type":"Buffer","data":"DNlj/fn+hFOAK/VVH9L4F2BLzYJ82Dy8G9XDWKSRzX0="}},"vV+WsqfXWCpkxRwi1bFKNtMm7GY3RkWwZHMoyL/neqQ=":{"valueMac":{"type":"Buffer","data":"8/s2V/daWiEhlBK3xhnJlhj90OF489AkOb+oegN6/EQ="}},"inzzhO553h6wn9Zt55UKMHvUiqun99tVOz0Vu5ksBYo=":{"valueMac":{"type":"Buffer","data":"5n0mYImDziVrp2YS23doyLHysui2TaQlcKP6McpWaHs="}},"zxT8wmJnrCcEINBQ6OoJKZKnxPG6t52nFy7YuJQFdxs=":{"valueMac":{"type":"Buffer","data":"PsN/8FjgacQqJDpQ9XfwFI2gr8KW0S9p/cpVpeEkMmo="}},"Yl3KukOmU9FLGcw+bsPGaYPX//a+ksvGW+gAzPDw5R4=":{"valueMac":{"type":"Buffer","data":"nQ3LTDtiPcJw1uElL0OQZVQHYG6nJUzv5wqQ5vN0lT8="}},"bg9YZZfDOtv5f/wSx201BozmqETc5YFzA9alNgpK4Ik=":{"valueMac":{"type":"Buffer","data":"gHOwmNYBqXENunVlVdczZHUigJX1LFzG00TpInqYs/o="}},"vxUM+kYls0ZBcWh8peKgDF5g8vvM11JTNo59gM1O370=":{"valueMac":{"type":"Buffer","data":"K3F63U1i0YPucCr/5T30vlvHBqzpl4EB0N9gNjvMRw8="}},"l3saCFaHwhgi7+KcGBnwcp7j9eP+RSZ/9dLXQm1u8cA=":{"valueMac":{"type":"Buffer","data":"nDS0Y8qqmRyqn4snAcoubwpkrATLjPrIGFs8kgnzxFY="}},"9eio9cz2+Mu3NBPijkuA1z99AQuUYX9zdUWu9JRnY8Y=":{"valueMac":{"type":"Buffer","data":"9lcHi95bTAlLGpprXifA1rNe4JCQ4wCluX2ZxtCVmbA="}},"wG7LNz/9oL8ryU8mV7jXGWOnzNBuMTUSSZVnC4kp8D0=":{"valueMac":{"type":"Buffer","data":"9z/dfubMTsvH9rpyubYr3WaTLhT1tc3Nw04Rb3G7I/Y="}},"RQ045R4CX1dzaAO6bqRopx+KaF3eSCUuhx+wGGMfpeM=":{"valueMac":{"type":"Buffer","data":"3lNdv9DwhIwQ/3qv4norgfsYb420jenMBbXxDiEWAjI="}},"NNyNKt8/0RfyGnMl5fObv9KPmomjo0tsegNgAoqIJC8=":{"valueMac":{"type":"Buffer","data":"ZUaCgFhKqrzIPZQoF5Stp/TC0qtDuN8y1rHpk5idPjA="}},"hidNO9+SbYQMFD4+/lG1ZKCgx1HOEVaHGioeFpzoFCo=":{"valueMac":{"type":"Buffer","data":"H8Cml4+xmUJVMlD7lVfhweDBE1Q85I+QN/15H2UBRwQ="}},"CsvIM3qTex5ebMp92va5cV1c5yZSlPGZdZdhyJelb2Y=":{"valueMac":{"type":"Buffer","data":"JxXpQGiKDEaCgw0e4NUjbY8ROyh6/fvKVNvf3JeisUE="}},"P3T2EpQjB/9uiFhONB/i1bOuLWYeqqOzXPZ1D7jRMJM=":{"valueMac":{"type":"Buffer","data":"49uRtVuaXnTPCz5lVGWZBfK26woPQLbFrJMPpWXVV9A="}},"azm8Hj0jCMh7JRSdAQQkH+9LvU6mCWT3a2JWqzuqrmo=":{"valueMac":{"type":"Buffer","data":"8RsMRY9Ou31RyjV9YgDLPscdFnD+jISNYyfSfTvApRc="}},"dSZ9H52MTI29zvwaiwHKGjKGdRcVtNHto4jH7w1fTGs=":{"valueMac":{"type":"Buffer","data":"yREuBgHGmu+MLWxA4FbPuiwLFWmDCVh15AAo9P11wwQ="}},"wztkDxuvPwcktojleFwakRzD58fGMccGHfmxMYNwU1E=":{"valueMac":{"type":"Buffer","data":"3MWec9nYozYmlfcH5Tq/Mv0+Ci47dNEo6nLwT7R2q/g="}},"hpd8W/uYSF1QBiU6CeS/25tMJjfpCaBXLyee5l7mmTI=":{"valueMac":{"type":"Buffer","data":"b0r5iEDg8ceDPJ0NPzp4SX4OIpvBojJcudxrYZNd+vI="}},"uv6msTdnPp5w+9VK+XeE3z8Pt23/+VPy+JXPxYUcL0Y=":{"valueMac":{"type":"Buffer","data":"eVMJBmDFp+l9xvlhTOospz76fKhiLB3yHJYZW4mDc3Q="}},"Zj5wGhbSavTerqKWEAXcVmJCQinLSg29SV9S2GGFbww=":{"valueMac":{"type":"Buffer","data":"0vF8nFmfRkVc3HhBHoY5Hs3EZeQbHQANnNXPBEudQJU="}},"skSWp7T/fzflqPIfJWOxIYR32QWsUY8L5oRsL35Z2l4=":{"valueMac":{"type":"Buffer","data":"Pkb5FHLe9LDFACyA0YWvZFD6YCMaE9DYwQusuSM/VNo="}},"GZ8qxKi6sF8We9kzjRng8fbITrPbb+UOJ2vTMiN+pdY=":{"valueMac":{"type":"Buffer","data":"hDDVE1f8lTxoctW6j6x2iEWoIkvelHwruVCilZgGiEc="}},"ZTaryJb6c+uul0kxFfUJ4zAoLTxQUvl61uex+yqi2eM=":{"valueMac":{"type":"Buffer","data":"GWNZnGV4aA4HwqP3iTuDKGvAPkXbf4iqVLjvoi0svnU="}},"wVpW0KjATDvAo6jdPtfgSYvoXnqpnOXOzkLF+rLe0kI=":{"valueMac":{"type":"Buffer","data":"pf7xWJrgMyHyeVrm6vtlLjgjQ2dLgN6azmnUHsP4AdU="}},"wPx12lVww59G4S41DI3wvlmEycEQa8sI1cJpmk1zbnI=":{"valueMac":{"type":"Buffer","data":"6JR6r9aaJ4QflzrpbNOiKoHKqjsJHzKnOjJfttC1/3c="}},"NY9kx5IML0ybwEMwy5U+V5OvJ7LLU/hOsDqP1aO4Piw=":{"valueMac":{"type":"Buffer","data":"flSUunAryjOp7YNwt9Of9bQoSX0HlSPoTvqk7UIKvcI="}},"XiuGsQau8JQ6vDcmbtled1BWSE0PNWYavrshpdxz0AE=":{"valueMac":{"type":"Buffer","data":"AXSNx+ByrXltRLpKgKTwhLLnLx8E10ShryWxNGxnBZg="}},"2+AnRx9/Y3gnjSI+jwkjke+mjmQntp5CzWKBzHxiY8U=":{"valueMac":{"type":"Buffer","data":"jP5gwmbTTCW/IAJP/+sEp/voabZOpf6l2uSl9vclrns="}},"XY/01GKHmBkamtdDEljloFajrmEl29+6/66odrSmmlU=":{"valueMac":{"type":"Buffer","data":"rcvzxwUN9wOGEY9ovtLF03ZpDo63SF5eyEICKVd+yYI="}},"QRVOj7Tq6JkYqZbFKe/4neeMLn8EiSj7SY3mlZxupsw=":{"valueMac":{"type":"Buffer","data":"QesJvIh0Iz9cVd/oxOHZz3BqHRKasNk8mrRzQ0CylF0="}},"W/9cuYEUVw4CGmQOa2zIjdrd0ofibtM3cyl1HvSTh+E=":{"valueMac":{"type":"Buffer","data":"AQwCINzCS2RhwO7x/3mWuUgmuJ8ZHAHlFjrA9BEWwwQ="}},"f8/xg/RCwrP41BSyhyLV9sBCf/pBc6dcUa03VJkpFYY=":{"valueMac":{"type":"Buffer","data":"lZh0jQyuTIHGBsH5ieCq8cQExwtbsxutnu+CxW0pqls="}},"t0BsTZKKhC76LixC9iRDmQK/QZ1soTzUfDysF8m7IBo=":{"valueMac":{"type":"Buffer","data":"h+IN4b91MbpEMERyGf7x7HVtY4p1duORMsG9eQM3hu0="}},"YqGeweyaiWcEqtRNZo0pQtw0Rmsdx0dlcvCY8e2jDJ4=":{"valueMac":{"type":"Buffer","data":"BcYHMBremZxqhr3ZgYLKfN8yrEGT2xW2eoBX9N5NF9w="}},"f9yPBTtNTaTkT7rWAj+e2SkDK0QQtfcsqZNWbTV1rVM=":{"valueMac":{"type":"Buffer","data":"mjM/WSm2X29VjkaeJLiUn2UZ9+3z1ox/4uc7GzGxkwQ="}},"Z8Hoc2Lskr9aA7cM+FMa91ybClEeBnHy2C0OhuXfj04=":{"valueMac":{"type":"Buffer","data":"E67iNInQ1e9CPEEQ3ndXpqArhu52F8ttHQ2V4gYsEh8="}},"SJHB6BKcK051nHfsaUcGjWre9+dm5IowCrx7D+IBgME=":{"valueMac":{"type":"Buffer","data":"zlki67FE1pMCUTFVhr6gAFjo3Gj3DqEc5mnENzMJLUA="}},"Yh7NZosKaXPuNor4fcLI1N+dFjfhdjtpbcynoXqLHI4=":{"valueMac":{"type":"Buffer","data":"69DX10b8cBkFZspQpdXM5nv6jNCXr5g+TXGcwz8Rv/8="}},"KpZFlKAeHk5+n/hXpkHH+rKfV7iTpoSn11mGhUHweTI=":{"valueMac":{"type":"Buffer","data":"ripA0/Y0gLNnU80VDPAOQ8DXrO92GNdy8wJVTzUTZOc="}},"zfsm6VLyDHcgzPpeShAFlzUXZu6VcDVKs8NyUGBwQ+I=":{"valueMac":{"type":"Buffer","data":"bXTdtuTLdYJiw7CZZhlppQ4PhGuGjoKOBm4vT0rcvxc="}},"noStCu8WKxrAIymWHZS0RVnnZtZLxRyrlVpw7f2W2Z0=":{"valueMac":{"type":"Buffer","data":"VVhZaEyT066SkBhIojsYAmyykeeK841DtNGmqxaLnNM="}},"KkbiiXj4lhIArp7ggXa29oQ8xklfs1ZO/yctb3eHfiA=":{"valueMac":{"type":"Buffer","data":"xpQ7zaCQei3oXN/7j+s+RxRzfs8yYag0in/PZYtWt5U="}},"L0C3BhZTT7XdyEFgMIjvDD1l70P1fQJoj7RhvH9a6u4=":{"valueMac":{"type":"Buffer","data":"1FcE8ntRIRsoXOH3UGNPkMBfcGAuWzpKyAR6HDTWVdk="}},"Rgz476okScJCcODnqlP6shBDaaYH6NQXpXZxCatNn2g=":{"valueMac":{"type":"Buffer","data":"IXHZSlJiFo+CHjHhoeM0sw+TprBWJ3lqThQDCWhqthk="}},"lDGzriDs1LsdclWcy+/XWe2YTsqgg8M13VWtunEVuqQ=":{"valueMac":{"type":"Buffer","data":"NkFfa6KpYkM6pFVeXbL01CKGDcU831He+srZ3/g0m4A="}},"U1EDrEIvwA8paNFQLpc+vQ+uC1g+xlLIVLnDGjP8Z3Q=":{"valueMac":{"type":"Buffer","data":"VpmRfWJY4OU+3kGmB+KVPDWcM8diXOpCv4DVpH1s2PY="}},"cKMFnJuKRXmeq6HdslX/96zrM/QPj52lIkULowRDW8Q=":{"valueMac":{"type":"Buffer","data":"FcPQetnYZKRj+cAZC4wlLgm9nDw5b1IMCVJ4rxdwpX0="}},"7Hy9Nincn+vIT+BpREWzwgoy6Rpcq4NDMOdWqLbZ2rs=":{"valueMac":{"type":"Buffer","data":"Bb3fh5Oh5V3EsoN/Qo0zIECwojDs3GwVLvW+Q808/9Q="}},"IPFctbX1vaHzQfJbm1HsnhQ8DnU4eoLT6A+URLCqZr0=":{"valueMac":{"type":"Buffer","data":"w3GrJDfvjveWU1GRsqstvmbLDTtVzfDaVtw8rP61dHU="}},"jxa2GXjEF7pm+HhiGpZ94W98jCrTSltkS2yNAb9dlME=":{"valueMac":{"type":"Buffer","data":"pYTz9CQ3ylGDM9uZOjmzeGvnuPSlzIfyeWm5/29mukc="}},"jtV3bZEfb1IbfINvxElX1QzsRKDCY8zMovjAo3vesWo=":{"valueMac":{"type":"Buffer","data":"jjQ+WhNhEyGS1K52rHUfny7x1hr+4n2Kwj2RFLlRt2U="}},"T9JiB4QbPdpQFZGdEMtL3nVibSF2VshlSGyU9u6HLzE=":{"valueMac":{"type":"Buffer","data":"E+fAUAHVNWqKec1aJrL/f+Qtq9EKUyUXCqAeInx3DFo="}},"fMp/biRtT8KoG8aCPFCBHfoQiOw2jnQy5VEwL+ojqZU=":{"valueMac":{"type":"Buffer","data":"PQVKkXgM4mghL1mQME0W3oKMs48XuNOEHiW7jLKlBQI="}}}}