{"noiseKey":{"private":{"type":"Buffer","data":"ANdRry1Zot++cD+7DKYwDHr0wnufN/parq/94jhkPUs="},"public":{"type":"Buffer","data":"m/qWnMtMZZp7Kk6K1okExgyrquqwrohdYDTgeSGxgFE="}},"pairingEphemeralKeyPair":{"private":{"type":"Buffer","data":"ULu8oQdBqDLlwbALticlK4P/cgyAVT6YNCNwrfqOS3k="},"public":{"type":"Buffer","data":"sg1wi5fQXAJBg1W09eDYYQm8iwrLvikczlBDqxehtD0="}},"signedIdentityKey":{"private":{"type":"Buffer","data":"eD0HsxYmEYdeDKaLHT9bWkIxkyDipV0kp89lVYXKrFM="},"public":{"type":"Buffer","data":"x15ptcWFByHQRDqO4XmKoPRwAK2Ow3yzhEeOPHSLnXo="}},"signedPreKey":{"keyPair":{"private":{"type":"Buffer","data":"YERVzSNTB8lKIoeAfDCRLKM69JhADLHWoeT9Nn8PMmA="},"public":{"type":"Buffer","data":"YM+G9A4/rQVQWY5HVnN0v9iUFbRyqVaJbrGYJqhOOB4="}},"signature":{"type":"Buffer","data":"bIm0ccPLqFYiNxeKVBnQOmvWHKs0la9AjC08qXVYUNqwtAO0NAa3m+rH65OYqVVK4ki0QHzJ0mZt6FpZ2YFrgg=="},"keyId":1},"registrationId":174,"advSecretKey":"aVn3fDBFyfRO5kuTrM8DQHaTUzjlpeNPrz0pJ+J1i6c=","processedHistoryMessages":[{"key":{"remoteJid":"6285930246378@s.whatsapp.net","fromMe":true,"id":"F22966ABEBDE53332E19915D006246F9"},"messageTimestamp":1738406301},{"key":{"remoteJid":"6285930246378@s.whatsapp.net","fromMe":true,"id":"DBAF32313550F48C6BACC2D47447222C"},"messageTimestamp":1738406301},{"key":{"remoteJid":"6285930246378@s.whatsapp.net","fromMe":true,"id":"438012E0B35633F0B6104E7CBB9E7973"},"messageTimestamp":1738406319},{"key":{"remoteJid":"6285930246378@s.whatsapp.net","fromMe":true,"id":"113424805A83C19121C42119E530B75E"},"messageTimestamp":1738406337},{"key":{"remoteJid":"6285930246378@s.whatsapp.net","fromMe":true,"id":"B78A0D30C7E4012544F70A8F6AD54E37"},"messageTimestamp":1738406347},{"key":{"remoteJid":"6285930246378@s.whatsapp.net","fromMe":true,"id":"91D371ACB87A1FF9BE821C596C3D25F8"},"messageTimestamp":1738406351}],"nextPreKeyId":681,"firstUnuploadedPreKeyId":681,"accountSyncCounter":1,"accountSettings":{"unarchiveChats":false},"registered":true,"pairingCode":"QCJFPFHJ","me":{"id":"6285930246378:2@s.whatsapp.net","name":"g","lid":"88047366455336:2@lid"},"account":{"details":"CPPr3IcBEJPz97wGGAEgACgA","accountSignatureKey":"93mwWp2Bi8nTcU+UaiGEwOvtQdCbUnU86BElxQK+smc=","accountSignature":"73mW8utN7HDTqSpJW+GSoDGrED5p/tzK/YeavWUgypM6AvpBrW+FysBM2J24lAgPIozeP48Fp81abv315iL4Dw==","deviceSignature":"9Nl2G3tiURDKwH4DpEhDaMDQi7vI2lzSDDFi5ULmcdumLmd23a/wJbOvONMMtjlUnKk0yBwzZzcOJsfmbgaXhA=="},"signalIdentities":[{"identifier":{"name":"6285930246378:2@s.whatsapp.net","deviceId":0},"identifierKey":{"type":"Buffer","data":"Bfd5sFqdgYvJ03FPlGohhMDr7UHQm1J1POgRJcUCvrJn"}}],"platform":"smba","routingInfo":{"type":"Buffer","data":"CAIIDQ=="},"lastAccountSyncTimestamp":1740083870,"lastPropHash":"3R9Z39","myAppStateKeyId":"AAAAANED"}