[{"senderKeyId":1692383057,"senderChainKey":{"iteration":12,"seed":"T3RPutkPF6ppPpiq8xHRYhJF2eKvxmDhpdlwGAfV6tM="},"senderSigningKey":{"public":"BaBS9fnW7q08lbQ8r2mCqSPyutE3jHDAP+C2kkndp4Qv"},"senderMessageKeys":[]},{"senderKeyId":1692383057,"senderChainKey":{"iteration":1,"seed":"J3Rs3DOSIXrHSBy7CtZaVGThHdVsZZ442cfS2A5GaEM="},"senderSigningKey":{"public":"BaBS9fnW7q08lbQ8r2mCqSPyutE3jHDAP+C2kkndp4Qv"},"senderMessageKeys":[]},{"senderKeyId":1386779998,"senderChainKey":{"iteration":6,"seed":"kpe/ozWkbx9Yf7bPmJNf6GPMIIK+2nkRBQUjyuBbxr0="},"senderSigningKey":{"public":"Ba/DP6sjsSDlvMBd4LUGu4uU1+4apvYRhUt1cpIlkBcD"},"senderMessageKeys":[]},{"senderKeyId":1386779998,"senderChainKey":{"iteration":1,"seed":"P1K/NqNfAM8bn2pzMa3vlMcIqI58fHmkTICJswnpL40="},"senderSigningKey":{"public":"Ba/DP6sjsSDlvMBd4LUGu4uU1+4apvYRhUt1cpIlkBcD"},"senderMessageKeys":[]},{"senderKeyId":1386779998,"senderChainKey":{"iteration":3,"seed":"zwlMj85eVnpwmiZZ70pQTAy/IZ/aAX03UhRssTAt5uE="},"senderSigningKey":{"public":"Ba/DP6sjsSDlvMBd4LUGu4uU1+4apvYRhUt1cpIlkBcD"},"senderMessageKeys":[]}]