[{"senderKeyId":1869800143,"senderChainKey":{"iteration":1,"seed":"XX7IOxEFOvWWpWlQu5MIJWBrm4XJNDMHPya3UCw53DU="},"senderSigningKey":{"public":"BWnOWfYaHQ1YtEhhk9MpD0z8QqDvC5VCBqaCuF2qmTVs"},"senderMessageKeys":[]},{"senderKeyId":1453765719,"senderChainKey":{"iteration":1,"seed":"KEIfdKcAwpTvE1+Gyoi/lNZtqfiIIU6LJIy1Ayjy0qU="},"senderSigningKey":{"public":"BatmhQRuALep+YBNf+vzqXYTPiV23fnyw6IsXpy785BJ"},"senderMessageKeys":[]},{"senderKeyId":269326771,"senderChainKey":{"iteration":2,"seed":"xdL7vUeL971oDoAG1j8HKdQ58k4b2y6jP8w1UsKM6eY="},"senderSigningKey":{"public":"Bbrz6MDEcJ0n++DARiFrUWxB8Ja/nwlJ8/f0r+DSn/VA"},"senderMessageKeys":[]},{"senderKeyId":269326771,"senderChainKey":{"iteration":0,"seed":"E9I2OC+9ktlLSf5DhCNgMfI/jA+vJVeRNhishhSqXPc="},"senderSigningKey":{"public":"Bbrz6MDEcJ0n++DARiFrUWxB8Ja/nwlJ8/f0r+DSn/VA"},"senderMessageKeys":[]},{"senderKeyId":1392965813,"senderChainKey":{"iteration":1,"seed":"HaXme6P4Rph1WFot5jk0rmJUsoo/WEXzQJ+5Jf04qyA="},"senderSigningKey":{"public":"BZvUhmKzU8ntWVHWE1OuL8IHkwhgZx54tWIlRI9g5iUL"},"senderMessageKeys":[]}]