[{"senderKeyId":1534086296,"senderChainKey":{"iteration":16,"seed":"9fe9MWFdbb2bd7aOMinbSZmgtPtWwqnNT0ID0uKf8ns="},"senderSigningKey":{"public":"BSZreHrFchLp2fS9ZEV2ifQmbVCboqsOoMLfkYpDDjQ7"},"senderMessageKeys":[]},{"senderKeyId":1975932583,"senderChainKey":{"iteration":59,"seed":"hSuyJms6xfHyi7fWGdR1t5mcUvRuil9rfpwF7nh7D5Y="},"senderSigningKey":{"public":"BYRzycFtH7NOaUW5vDTL6dozK6m56qiUFY5+g59Nd2od"},"senderMessageKeys":[]},{"senderKeyId":235853717,"senderChainKey":{"iteration":1,"seed":"42EdsiC6Ph+yjuSRSrvroDy8U8Kqr39PtS9KDUUFklA="},"senderSigningKey":{"public":"BeQF8dOpLElEGFfaY3Z8C3ZeyhiaeDfgV0o8ZmLIJJQR"},"senderMessageKeys":[]},{"senderKeyId":835405182,"senderChainKey":{"iteration":1,"seed":"U2ZRKQzdBLsQyxYWtobsa8CefGVtl0rkCpsTLIJN2xs="},"senderSigningKey":{"public":"BVUO0loZTSCypWEMVL2XE9AggaiT89JMDFcrxelHzZpf"},"senderMessageKeys":[]},{"senderKeyId":89445229,"senderChainKey":{"iteration":2,"seed":"nFdxe6Zz43JnrvsvalhluH3+3/qxgW5ihBJ3ujV2/MI="},"senderSigningKey":{"public":"BQsR6pboOWtc2dAQV1iVRPlacpZnGaHGNCVt9v3i9a9J"},"senderMessageKeys":[]}]