[{"senderKeyId":1629335691,"senderChainKey":{"iteration":64,"seed":"KRZEpmwI+Ed5cgFPKbC+cmLDmuE1Yb2RKKn1nVkqLsQ="},"senderSigningKey":{"public":"BaCsRo8mY/Rh5eTd1HQFmbILP79hLlFtEtgUVT8rAxJf"},"senderMessageKeys":[{}]},{"senderKeyId":1629335691,"senderChainKey":{"iteration":39,"seed":"pJ3mBlbmVmHEFccQAhxpavfK+VhVSzdjxA3kqHcS0mw="},"senderSigningKey":{"public":"BaCsRo8mY/Rh5eTd1HQFmbILP79hLlFtEtgUVT8rAxJf"},"senderMessageKeys":[]},{"senderKeyId":1629335691,"senderChainKey":{"iteration":63,"seed":"hUdBKUsTlzCAPHosdA7jvH6Mw/OkcIpDKJFtN/LeU/U="},"senderSigningKey":{"public":"BaCsRo8mY/Rh5eTd1HQFmbILP79hLlFtEtgUVT8rAxJf"},"senderMessageKeys":[]},{"senderKeyId":1840554797,"senderChainKey":{"iteration":3,"seed":"+LX0m6u6TXiHJSjFrWAS6GJbqmZfHG2C0/SAvkVx2s4="},"senderSigningKey":{"public":"BQ7tnTxpO/WIAANmRCd6E2MWTe5J5JpwFqsIjoHJPlwG"},"senderMessageKeys":[]},{"senderKeyId":84540530,"senderChainKey":{"iteration":3,"seed":"HS7juVmb2fKC+E02mEcsUo46NP1gbmwTf42ENU5nXYk="},"senderSigningKey":{"public":"BQuX15fabO7N+PDgkyE+qZCnoeDXHkp8QE8/3VNqn9Yv"},"senderMessageKeys":[]}]