[{"senderKeyId":892909894,"senderChainKey":{"iteration":0,"seed":"ET6ofgk5v+Sy1Fv8emaVM2oAvst4OYeHk2w4TSQ6gqg="},"senderSigningKey":{"public":"BeNam94WjxC70DGgpToxVNSgyYn6uTMwyaeBYMIAia8P"},"senderMessageKeys":[]},{"senderKeyId":1601060559,"senderChainKey":{"iteration":0,"seed":"dcoWjdthNmunZEpNVaewjadXQAMCNelz0i9Au8HOGaw="},"senderSigningKey":{"public":"BVUqP2e2pJgZDlmDhg9Tjliw6FMVrH0UZNvJq+cRgwU5"},"senderMessageKeys":[]},{"senderKeyId":1933905092,"senderChainKey":{"iteration":4,"seed":"Co5hrusPrcE8oo40ihFHVZmTpW2rikGp1L5vRPNXkus="},"senderSigningKey":{"public":"BRSa0smg5kTyVxq2bvlz5na964Fl/b7RWg8IQKCxNVY9"},"senderMessageKeys":[]}]