[{"senderKeyId":1275319204,"senderChainKey":{"iteration":130,"seed":"bOt5ftMSOwaGYYiRqh0gD/pbBK8DcdskEeLXf+rlHkk="},"senderSigningKey":{"public":"BfEailZEHI7K4sr1MvrSSpw9GpBD4JZyWZsW2OEzcx4F"},"senderMessageKeys":[{}]},{"senderKeyId":1275319204,"senderChainKey":{"iteration":0,"seed":"r2LSHjj+0hpWSj82UYoz/FU06el5qReTAJBmbcBnumo="},"senderSigningKey":{"public":"BfEailZEHI7K4sr1MvrSSpw9GpBD4JZyWZsW2OEzcx4F"},"senderMessageKeys":[]},{"senderKeyId":1117061891,"senderChainKey":{"iteration":18,"seed":"NaI7dqVE1K66YGdPRI1D4oE4Y8nXN94JdTq6cY07cvI="},"senderSigningKey":{"public":"Bab1vNMoj3QsVuXc6Fjewrue00+gi+dF7nB/bgmMVzp9"},"senderMessageKeys":[]},{"senderKeyId":337166583,"senderChainKey":{"iteration":0,"seed":"EA60Rd7mi/u9Sj2GfneakLTs6XQC0vzPtJNSIL1pF7o="},"senderSigningKey":{"public":"BbIM9bbI5prlT44o6EJ8CrVLT/0yqgArpAhHpIFCBrUL"},"senderMessageKeys":[]},{"senderKeyId":288000833,"senderChainKey":{"iteration":1,"seed":"rn5S6yG1O/HY5Zcr6dgxvWiqodUgUEqrhlNMZ58zNKI="},"senderSigningKey":{"public":"BcIvizQTKoutLMGtCM2J760jgE4LlEB3mqRR04oiFSMb"},"senderMessageKeys":[]}]