[{"senderKeyId":57609665,"senderChainKey":{"iteration":1,"seed":"dlLjL21JWRysjG+6k/L7JGCvAxBuPy1RxIIG6SHkF8A="},"senderSigningKey":{"public":"BXf5aoUXBQPO/ey5quTYVmLAvaJz3+edoTAqmBFQboMD"},"senderMessageKeys":[]},{"senderKeyId":717297723,"senderChainKey":{"iteration":1,"seed":"6qCXPNmPk3i2oG/KBw9sigvHqBBxAarjrmZj9IjYCsM="},"senderSigningKey":{"public":"BXD6O4QD7u33+jpS5/jxsrag08TwhGsMOI6gBH/A4EwJ"},"senderMessageKeys":[]},{"senderKeyId":873638493,"senderChainKey":{"iteration":15,"seed":"TzVIFc+0QAdv5Ha9+7+NrjeF05lMZxP9sKq4U73UbPY="},"senderSigningKey":{"public":"BSu9/9H7kv379D2vrz4FVtpPSy12AiUoAR+gYllUpPgi"},"senderMessageKeys":[{}]},{"senderKeyId":1255893283,"senderChainKey":{"iteration":6,"seed":"3W3Tx+6Ie/5LyqyYqkR6TdVEnGsxWAGZvp85Nd3hQOU="},"senderSigningKey":{"public":"BR2md6SQGW74+JqHJXI0xuBNm0xhGRCp+WmfnFzF2DMy"},"senderMessageKeys":[{}]},{"senderKeyId":1255893283,"senderChainKey":{"iteration":1,"seed":"Ymlg+hvo7fWVIrNcGTyBEW0uNuPLOR+obcvUQVUe6rE="},"senderSigningKey":{"public":"BR2md6SQGW74+JqHJXI0xuBNm0xhGRCp+WmfnFzF2DMy"},"senderMessageKeys":[]}]