[{"senderKeyId":1484669700,"senderChainKey":{"iteration":50,"seed":"bpiqaGQoCgXFjm5Ap1K+ub7yuzwoM6kUUzXBmCubJBY="},"senderSigningKey":{"public":"BSLVCNEmYbLOTC40NBRRDU/r9elqnprUM7CojS6ouWoG"},"senderMessageKeys":[]},{"senderKeyId":1980971666,"senderChainKey":{"iteration":7,"seed":"si8Vl2O4wP7Kx2I6EZLTlGI9aWDbeuDI7sJcdImi5gk="},"senderSigningKey":{"public":"BfMNGPGUKHvQzqpIXayUoP4TNiu3cmI9vrGE3gmJu+NX"},"senderMessageKeys":[]},{"senderKeyId":1176262341,"senderChainKey":{"iteration":3,"seed":"j64bhIf9mOSZEBvx3+kzuEoTINioghhOALyNoMPRKIQ="},"senderSigningKey":{"public":"BdL3Mcz86hh5hQtpNFH/54mA2nHcs0fpTZNQE6H1+XF5"},"senderMessageKeys":[]},{"senderKeyId":1857566815,"senderChainKey":{"iteration":2,"seed":"fYhUSZGpPuWfDK3/4fhCSWxhYB48MzJ2YT7wUF0IaEA="},"senderSigningKey":{"public":"BecnlfjOVIRnoR21eqC9rFl5ceylCvQRYiWrLK7b5Qpi"},"senderMessageKeys":[]},{"senderKeyId":399397387,"senderChainKey":{"iteration":1,"seed":"lOTZCQHaY4GLa0Lw+tmDZltjuo30Mu98XnACoYXnoCY="},"senderSigningKey":{"public":"BQ8GpZFJr7zuJ20ioPJ4y2ya3Z3yM2llhwRc96uaY38B"},"senderMessageKeys":[]}]