[{"senderKeyId":1321937334,"senderChainKey":{"iteration":19,"seed":"C16+RZg7DcWhB5jDoN6v0WRPlH1VcBbmjcDzHO2ba1E="},"senderSigningKey":{"public":"BcMpOQWfcxFjgp/bIXkG72kmqJrzC2EKc+ojD6o9Y4d1"},"senderMessageKeys":[]},{"senderKeyId":1803151697,"senderChainKey":{"iteration":8,"seed":"lbiUaqnUny7g+8BN9edPhiBO0JNg8Z+a6QwXBx2P2FU="},"senderSigningKey":{"public":"BST86LSi8lnQiWDsD6pQTV2yipRN5hh55NqBNpPXzuxl"},"senderMessageKeys":[]},{"senderKeyId":1803151697,"senderChainKey":{"iteration":3,"seed":"QKHD/LEHkfVCh+AErkeH+N3/GjJPxLfulCimOSs0Y3Y="},"senderSigningKey":{"public":"BST86LSi8lnQiWDsD6pQTV2yipRN5hh55NqBNpPXzuxl"},"senderMessageKeys":[]},{"senderKeyId":2090757633,"senderChainKey":{"iteration":16,"seed":"AIKPxNZpKm6gLVoqzEKUKd1K3dWxwmBY40T0P3rz59k="},"senderSigningKey":{"public":"BaG1OO9Ll6j42ObRe9NfxxJMn0LQola2rBILI7z6w4ZZ"},"senderMessageKeys":[]},{"senderKeyId":1631768414,"senderChainKey":{"iteration":2,"seed":"AotinbDZdW13p5ftYpPjrDiSJqC9lWvFce+MynRncjQ="},"senderSigningKey":{"public":"Bf/A1OMPEFnApGQfvvnZNIKnhG7WGrqUg8T1eBbVLxNR"},"senderMessageKeys":[]}]