[{"senderKeyId":1340161195,"senderChainKey":{"iteration":1,"seed":"PSjg9nyv5sTh4llbO+wLpIwopdxQ3h2vRi9YaESXfsE="},"senderSigningKey":{"public":"BZg2ODwNQuT6CzgRoHajytiHfSplwiWBzLWdWABHCL9j"},"senderMessageKeys":[]},{"senderKeyId":705757011,"senderChainKey":{"iteration":0,"seed":"7t+Ajd2P4su7j5BnZWPnBGN6h2MAOcE6Urwi3AXI5mQ="},"senderSigningKey":{"public":"BbKzGKkSgFz1LAyFhAvJHZ8pIKJTzbakm4QQsXMlSB83"},"senderMessageKeys":[]},{"senderKeyId":371583351,"senderChainKey":{"iteration":5,"seed":"G1iNP/NV4cD4rn22jkJYjQ47Cf2weXSyWXC4BlsOZB4="},"senderSigningKey":{"public":"BY1yctV0tnjs9Ie4JwgoGyLuS88wge1zQErBlcfTN+pQ"},"senderMessageKeys":[]},{"senderKeyId":371583351,"senderChainKey":{"iteration":0,"seed":"N9ZLvXLBiaLstnP6PYUHS3bhhlLSirCZZsJmDhHa/1Y="},"senderSigningKey":{"public":"BY1yctV0tnjs9Ie4JwgoGyLuS88wge1zQErBlcfTN+pQ"},"senderMessageKeys":[]},{"senderKeyId":371583351,"senderChainKey":{"iteration":4,"seed":"fLx0bOKg60rhNt5BPrBE3yIuIAL9V4hxjCs2k7tgmJ4="},"senderSigningKey":{"public":"BY1yctV0tnjs9Ie4JwgoGyLuS88wge1zQErBlcfTN+pQ"},"senderMessageKeys":[]}]