[{"senderKeyId":1556367490,"senderChainKey":{"iteration":0,"seed":"DQIqm6j4ooZDlW2LGyJfTSJX8/lJ5C3B8DK+LjCu26k="},"senderSigningKey":{"public":"BUXy219RPvEmMLRfHJ8a9lVxjqjEDdUw1L7sWM2MOuQJ"},"senderMessageKeys":[]},{"senderKeyId":812286610,"senderChainKey":{"iteration":0,"seed":"y4iLGgYeX8izwwXSEH/462leizvSfyPzUDvQkCATlAk="},"senderSigningKey":{"public":"BbJ9PcU8moY2uBg9xqIg/1A8jHxLKXIRt8zNZBJ3lG9H"},"senderMessageKeys":[]},{"senderKeyId":1894763991,"senderChainKey":{"iteration":2,"seed":"SgydU2IcPfM8wTK6WIWWiVacLh8Lzn2pyauP0yBVhfE="},"senderSigningKey":{"public":"BeakaIVirme46ao23ad7IX/IE6u1IvFOd4YzKLoOZ1xV"},"senderMessageKeys":[]},{"senderKeyId":1060122326,"senderChainKey":{"iteration":2,"seed":"XmOlamunpfwTmnPEKhqL9BvbDXnM7ozi7skev/MLztI="},"senderSigningKey":{"public":"BbyK1bGzpOZGZA/zLRu+HwBz20U5yKbpH97GZZqaHCQc"},"senderMessageKeys":[]},{"senderKeyId":1060122326,"senderChainKey":{"iteration":1,"seed":"KXwPGu92bjZZd+fc37mwkYVg2dr+WfttfFxKyLM/cZ0="},"senderSigningKey":{"public":"BbyK1bGzpOZGZA/zLRu+HwBz20U5yKbpH97GZZqaHCQc"},"senderMessageKeys":[]}]