[{"senderKeyId":1349219405,"senderChainKey":{"iteration":5,"seed":"b/zyDjFBLYaUVTzau7RVLJH/HpcKy8wxobLlvV77r7k="},"senderSigningKey":{"public":"BVtJ0jbbFhERVakTLNUZkrevZIzuc3JungHLUlheHNQ2"},"senderMessageKeys":[]},{"senderKeyId":1289648734,"senderChainKey":{"iteration":1,"seed":"DqtYyT9xtxYOZSnddRP7dkt/lG00yv02DqDc3F+v3Ck="},"senderSigningKey":{"public":"BSC8sh1A0O7KaPPJCNNCcfwJo40PJ88SYYM01RNorA1C"},"senderMessageKeys":[]},{"senderKeyId":910189505,"senderChainKey":{"iteration":1,"seed":"t0EtRfCcS3CoaQ72ZdY2vv0grUG6a2y/Kau/fWAOedQ="},"senderSigningKey":{"public":"BSM1IEFOIBKnDMklBOxp7ZZNWwV2aJGriuL/6u/HXrtq"},"senderMessageKeys":[]},{"senderKeyId":272837141,"senderChainKey":{"iteration":8,"seed":"bXjiGt2Ua7JCwfXakvrbILkettlzwn+FO9k36zv3q38="},"senderSigningKey":{"public":"BZVf++a/h4Xoh4Xv5lIPvMXcVt2xgR8V7G6PfEDGiepF"},"senderMessageKeys":[]},{"senderKeyId":272837141,"senderChainKey":{"iteration":2,"seed":"9uCr/CsbuYOgOOC7a1L2GZ6qjeGQe2CmLqitmuIMf6k="},"senderSigningKey":{"public":"BZVf++a/h4Xoh4Xv5lIPvMXcVt2xgR8V7G6PfEDGiepF"},"senderMessageKeys":[]}]