[{"senderKeyId":523350258,"senderChainKey":{"iteration":7,"seed":"ra8OIigS7LwxogOeuAOdidoqRyoERWN2YrPxYVa0nXA="},"senderSigningKey":{"public":"BeZomuWQKlvD2H1NalxEFInjxPFNayciPv1uv24HLLtd"},"senderMessageKeys":[]},{"senderKeyId":1766910382,"senderChainKey":{"iteration":0,"seed":"P2X+KGrRPiiX80a9pxtT2Wbhai+fGLEsR4LxQOXDAyM="},"senderSigningKey":{"public":"Bbr8BJ9+n/asuQkGS059h68eg9VjR1v+d8bF/yb2juVG"},"senderMessageKeys":[]},{"senderKeyId":1291990471,"senderChainKey":{"iteration":2,"seed":"IvBZa3mBI/SWbL7+Pju5Sj2ybouZc9+7QM3fk69oLP0="},"senderSigningKey":{"public":"BeCbTeUslsLAHcec5FPaRKFrkpMLj5ZH81M2ScEd88QS"},"senderMessageKeys":[]},{"senderKeyId":1973188898,"senderChainKey":{"iteration":4,"seed":"R1k8ITJ3mstaMJVM8ndPJ4a5MNyyDBGODjpk6fzxApY="},"senderSigningKey":{"public":"BR3DjpJRa8cVxWBDBAzbPkKiRKOuq1ZYCkWddqNffTo5"},"senderMessageKeys":[]},{"senderKeyId":949387081,"senderChainKey":{"iteration":9,"seed":"+3cjGKOiGaJ3E2fydmbJZGTjo7klngWDiU86H/lzta4="},"senderSigningKey":{"public":"BWYYTfhf6OV2i47kDnT9dPvdbQ7Wa3kI64VnPqg0W5k/"},"senderMessageKeys":[]}]