[{"senderKeyId":607117764,"senderChainKey":{"iteration":0,"seed":"Z2lG4ITnDhgt+PacqAumx9o87IV4kIZPwWcBbGTXiV8="},"senderSigningKey":{"public":"BXXgZqxGy59aNZrOzWI8o6OtTzMliSXf0mNI3PoakAYD"},"senderMessageKeys":[]},{"senderKeyId":274190600,"senderChainKey":{"iteration":10,"seed":"JZW9rlQXmAoIEvpfzl7sAl02rXuDWGpSUI1XHvsAUl4="},"senderSigningKey":{"public":"BcETP6pLcn0uFmKAhccSlwt6RyFn1R78HL1GPuQfMmIV"},"senderMessageKeys":[]},{"senderKeyId":541636873,"senderChainKey":{"iteration":0,"seed":"oqID07GuLrkbqHscQE9RouMUL02GeRG6AxtZodpBYnU="},"senderSigningKey":{"public":"Bf7F23cVTxnDCMUT1ew8CusmKxeJA9ikoYqQWcCMh7of"},"senderMessageKeys":[]},{"senderKeyId":1755612526,"senderChainKey":{"iteration":4,"seed":"7CMXyqPQ+I9zBgNFnPTmDmzKclZmJNjT4tbXrzupzVI="},"senderSigningKey":{"public":"BXoZcaBILx5J1hKaeI9lwapFFCbeuwSJ5aBh3E0L1foP"},"senderMessageKeys":[]},{"senderKeyId":1755612526,"senderChainKey":{"iteration":1,"seed":"O6bT/2X9MUqkULYjwDf8fdCiN1jZaB/3Pq4MXzCsUkw="},"senderSigningKey":{"public":"BXoZcaBILx5J1hKaeI9lwapFFCbeuwSJ5aBh3E0L1foP"},"senderMessageKeys":[]}]