[{"senderKeyId":888805269,"senderChainKey":{"iteration":2,"seed":"SXTHN1Bwwl0czBU0XJJtuoJfkYWDDBXP3GFPzITjymw="},"senderSigningKey":{"public":"BTQTlLAY8XmBzmcLNdVtKHlNR2g3Pxga0OU1Bmg6TFYB"},"senderMessageKeys":[]},{"senderKeyId":888805269,"senderChainKey":{"iteration":14,"seed":"D5jOdubx7kALHa1Muok1FEco/LgVCu6uRwhCWdPRIls="},"senderSigningKey":{"public":"BTQTlLAY8XmBzmcLNdVtKHlNR2g3Pxga0OU1Bmg6TFYB"},"senderMessageKeys":[]},{"senderKeyId":1219238967,"senderChainKey":{"iteration":1,"seed":"6udU5G+Ge/36smRR+6+6Dc6eox11645FfQWHwzuauDc="},"senderSigningKey":{"public":"BZRQ42QHLYZjKk9fgsvLNODovuqpizBgWUj5dJTK2ux4"},"senderMessageKeys":[]},{"senderKeyId":1891517926,"senderChainKey":{"iteration":14,"seed":"3XrN9ZLQmSw0LiMoo9BPTIxvitmPxivhztcxA29fVEc="},"senderSigningKey":{"public":"Banlh36OS9Kgu1iqRMvdb6qwcvyZlfpE7ECsCOIXJMYw"},"senderMessageKeys":[]},{"senderKeyId":239075281,"senderChainKey":{"iteration":8,"seed":"5Tjno2IPtxiTpAiNzv6xLkhwI5+Sm0GFM0VWavGCkmY="},"senderSigningKey":{"public":"BQF3vu6HODrANJRZXYHJDTyG5zpHl53QNFdb5r2t85Vb"},"senderMessageKeys":[]}]