[{"senderKeyId":1702487310,"senderChainKey":{"iteration":1,"seed":"hQThwNgTZnTug0o70L8W6yqXiK6s/aeP05rhxwDdQFo="},"senderSigningKey":{"public":"BdRunDeOZYJHa4Qk+5pmw+AtBWUmNwhPPOO4lSp816oU"},"senderMessageKeys":[]},{"senderKeyId":980039442,"senderChainKey":{"iteration":1,"seed":"iURHj+1l/ORoYLlV2oR7GcPjtGBnTJizo2FecfcLdoE="},"senderSigningKey":{"public":"BQqWGUJREKi+GSfEvkpq3WA+tpiDbzjEmkwVk1jwW5UF"},"senderMessageKeys":[]},{"senderKeyId":2034340340,"senderChainKey":{"iteration":1,"seed":"/6H+oh2qvSKBIca7NesUeB3JaekMTLPMjLSq8BbjJNc="},"senderSigningKey":{"public":"BQque/v4mCP5RktDaJbeUNIq1/Wn7pmPDQNNiSnVR1ES"},"senderMessageKeys":[]},{"senderKeyId":723300526,"senderChainKey":{"iteration":2,"seed":"UaTDUE3hqxJflifhf+mKvyeSRyq7q2PZWKCuYRoqJnY="},"senderSigningKey":{"public":"Bf5UDyWULv14Kj8Zq2GRmE6GKD2KG1ZsHka9FPUACtNf"},"senderMessageKeys":[]}]