[{"senderKeyId":480744202,"senderChainKey":{"iteration":0,"seed":"ZAq0MBc9GThC5Pq4g40ZYFb/swc16KfMwlJx5WHlT4Q="},"senderSigningKey":{"public":"BVoGSI/u8t09zhNGIH2tI/KnWtuVZlIknmYeei4l7n0O"},"senderMessageKeys":[]},{"senderKeyId":64830774,"senderChainKey":{"iteration":2,"seed":"VFRovJ4M9ws3ycqbOtwnM83y92WVxa1tErPrS61RzcU="},"senderSigningKey":{"public":"Bdlx0UxX53q9YNPpphlGifANYxV4pDgn7MP7qUv1iyl3"},"senderMessageKeys":[]},{"senderKeyId":501688706,"senderChainKey":{"iteration":2,"seed":"Gju+TIN2H13xjJ9uFTDXOgqeon3udRvHdN0iz9YjORY="},"senderSigningKey":{"public":"Bbw7ymNtCfylInlUM+vS7QJcNZ/fUAEVwVXoxmSwBrpf"},"senderMessageKeys":[]},{"senderKeyId":13502993,"senderChainKey":{"iteration":3,"seed":"Fb9BxWbIFmlpwD3KbX8Yrz/sz/Yq2pPYvPoBiKFwvt4="},"senderSigningKey":{"public":"BSiKfEE3J1RpX2c4EXkD0nSS4wFkPVrrBTV7h4ca6Klz"},"senderMessageKeys":[]},{"senderKeyId":1615412213,"senderChainKey":{"iteration":1,"seed":"9yRai9SMUNmP1l0T64CN22QMeveOWbWAMqPR5yyqya8="},"senderSigningKey":{"public":"BboEEhyjt+ElSusg8mghy5xb2RUB7EQbzORgIzZ0O3UN"}}]