[{"senderKeyId":1927426398,"senderChainKey":{"iteration":0,"seed":"kcfk2s/sOF6uVY5m0bvrxYTwQ2cB58GN/85sIsri4ZU="},"senderSigningKey":{"public":"BXqRIhO96rRbcDNa6PSFOyA+ArB/PhqzKFuJ0WVmyRhe"},"senderMessageKeys":[]},{"senderKeyId":355780572,"senderChainKey":{"iteration":0,"seed":"qFfNyjhsBrWOvXUh2YJ+TanmJTiF5GO9+3zb7DINisg="},"senderSigningKey":{"public":"BZYFPcLKfMHTpOU5Wrb5uIVl1FmIUOSUX2Pk9AhQBexj"},"senderMessageKeys":[]},{"senderKeyId":1616844882,"senderChainKey":{"iteration":1,"seed":"u9wILLFOvOLEQuvcalYQCmxm49JZB7UcCru+knpmmOo="},"senderSigningKey":{"public":"BT6n8VE47mgq00DqZkEO/goaNUq1AY3af4HTRm68/0oA"}}]