[{"senderKeyId":1285070400,"senderChainKey":{"iteration":0,"seed":"UVizxUSQ7K39V7HfwZLTl+UU/JAForUPDyEYgzhgfBs="},"senderSigningKey":{"public":"BW7uVm1bL+G3ys35NiZrP4z60zXOT+D2hLaCUP60ZXVr"},"senderMessageKeys":[]},{"senderKeyId":2052074250,"senderChainKey":{"iteration":0,"seed":"VxkQ90m6w3m8Ubh5tl3VlIwx3ym4EidEypEHg41p7H8="},"senderSigningKey":{"public":"Beb5oqUntlo9RJW79hjE+ip3MnPYBXr3/pVrMsILn9Rt"},"senderMessageKeys":[]},{"senderKeyId":1804853628,"senderChainKey":{"iteration":5,"seed":"NujPWYROpU0+77OSMxsfjGitkdtUnYJXILAeFThCVnI="},"senderSigningKey":{"public":"BUqYRZHP4uVZ8For8IxvQECFfsu4HvqvZUKoxZDsL+QV"},"senderMessageKeys":[]},{"senderKeyId":1885440236,"senderChainKey":{"iteration":6,"seed":"NRedNb0+R/6Ctfft82cevogOk9GaHDksgVzeWtyJ+xU="},"senderSigningKey":{"public":"BRBYZZrWPGg/27aLUbVEart7ZbYjiP6zeLbQvPsh+dZm"},"senderMessageKeys":[]},{"senderKeyId":1924029592,"senderChainKey":{"iteration":2,"seed":"CHlOkmZe3H5OoWU+P7qsgYobzmTDkln/kw1Dz0DRFyY="},"senderSigningKey":{"public":"BUnT/Cbgm3kWU9rKnLioPtuf45gRBIsms360vWuD7uI4"},"senderMessageKeys":[]}]