[{"senderKeyId":470399552,"senderChainKey":{"iteration":11,"seed":"f04rR8re3zQ5AXk+LHyXhEHaez1fW9Z1X+BRiPtz5Ro="},"senderSigningKey":{"public":"BXDdjOIcGUD5KpfFusqgMwJSQRAcQEBEkfaIETOaJJR7"},"senderMessageKeys":[{}]},{"senderKeyId":705011722,"senderChainKey":{"iteration":6,"seed":"5LrIZLbL5jjgQtjqyFRXxh1Vt5lQubwFy4+XsPsxXys="},"senderSigningKey":{"public":"BZDK+OA2tDCVWgsgWq6vuylbqNVknIbWO5HkG9W6pj8+"},"senderMessageKeys":[]},{"senderKeyId":705011722,"senderChainKey":{"iteration":1,"seed":"GDooQgPlmBBskV7zKgd3e5ThYPn1HqpIPcA5ytc50s0="},"senderSigningKey":{"public":"BZDK+OA2tDCVWgsgWq6vuylbqNVknIbWO5HkG9W6pj8+"},"senderMessageKeys":[]},{"senderKeyId":1116332972,"senderChainKey":{"iteration":1,"seed":"JMuHaYNQguNKzFtw8NNg/le+3RXXaY8nha1p8ReDSGI="},"senderSigningKey":{"public":"BdquLGrR6IgsGLDB2TkZ8IVgdyfO01e2O1XnL3iu1xgO"},"senderMessageKeys":[]},{"senderKeyId":1258547638,"senderChainKey":{"iteration":3,"seed":"n6rUd2PvfmdkThmoCfD417LL4ti8rjAJHyyeoJ82ZO0="},"senderSigningKey":{"public":"BbDgjabb44VTi9FjzjT6y1yQsRfSBAvP16egm9nd9AYW"},"senderMessageKeys":[]}]