[{"senderKeyId":1758084418,"senderChainKey":{"iteration":1,"seed":"TARqT4CdYGFpp44SkUvFI+TBCkpzNSOmxH7ARAyHxoM="},"senderSigningKey":{"public":"BUjdmGlpJ6fliNuFQ6kKgUWgOCX5YNGJYwXa+zHhacd0"},"senderMessageKeys":[]},{"senderKeyId":369560310,"senderChainKey":{"iteration":4,"seed":"rpbALUd8iXW2h9K1hOD8MuJkKxwJEUUe85QhoeS8jlg="},"senderSigningKey":{"public":"BR4hZv01PWvpknDvbW4fR72TrDe9rshwpBZJkvzuv/dt"},"senderMessageKeys":[]},{"senderKeyId":369560310,"senderChainKey":{"iteration":2,"seed":"3zm6Ty0W2+M7ziM3+LKMUHDOpDI8ijfsNlzi+8c9HTI="},"senderSigningKey":{"public":"BR4hZv01PWvpknDvbW4fR72TrDe9rshwpBZJkvzuv/dt"},"senderMessageKeys":[]},{"senderKeyId":1335339597,"senderChainKey":{"iteration":2,"seed":"Rn2RvW+Yz5alJRrXOSMXkoR1NpDzwfgcnOZZw2NeFJc="},"senderSigningKey":{"public":"BZtInG1TxVX/N5r3MqsD3DsHU9pGi/V8iccI4gM9T95I"},"senderMessageKeys":[]},{"senderKeyId":381830755,"senderChainKey":{"iteration":2,"seed":"1UAUNb30UfI5/UxyWkKHJVy8TIQp/2w907Bsw8N1v2w="},"senderSigningKey":{"public":"BXpqWc7NbWSt/UmUSNOuWgZP9l8bR62m8oMmqTuX4TVA"},"senderMessageKeys":[]}]