[{"senderKeyId":601054864,"senderChainKey":{"iteration":8,"seed":"IzbIo4zMZdFYAjYX74blx0MCdand90Q2Iqf5ihFqJMs="},"senderSigningKey":{"public":"BSCMxppsDzH3JbSQmmfBlgFzgncGl03TmQExCMVJ3cQA"},"senderMessageKeys":[]},{"senderKeyId":777022616,"senderChainKey":{"iteration":55,"seed":"4CWR7CyhsSaVq8QVaGAdM582JfCTT2bv7W638n+EIYk="},"senderSigningKey":{"public":"BUqnL254tNRjPdoq8ReiikuOqZ0JaikQ9TTvnJclMRBg"},"senderMessageKeys":[]},{"senderKeyId":777022616,"senderChainKey":{"iteration":10,"seed":"dBY/1gVu2Jr/ADdxrv6vs7UMsiZiCDsM6X1VLF48jXs="},"senderSigningKey":{"public":"BUqnL254tNRjPdoq8ReiikuOqZ0JaikQ9TTvnJclMRBg"},"senderMessageKeys":[]},{"senderKeyId":777022616,"senderChainKey":{"iteration":14,"seed":"mHH2Q36eJQhleEn0cjjX1hqjJZKCdIz+Og1EnGSQT/U="},"senderSigningKey":{"public":"BUqnL254tNRjPdoq8ReiikuOqZ0JaikQ9TTvnJclMRBg"},"senderMessageKeys":[]},{"senderKeyId":1233100713,"senderChainKey":{"iteration":1,"seed":"IW05GCvXXLQIjIGjDWW1Z9zddswFY5sVt40tcdMRiGE="},"senderSigningKey":{"public":"Bes0g4tBXT/6GSc3PV5IrlS/AcFeMdwJ512q68zQUUJk"},"senderMessageKeys":[]}]