[{"senderKeyId":961765273,"senderChainKey":{"iteration":12,"seed":"hHGxGAfUTpMeUYL0bm/3K7fD++2LHdc7szAeXQBAytQ="},"senderSigningKey":{"public":"BWRdkw2vKrbEmxORd0SCFFZw0Yv1+0nxjWRZjTHo6Lcb"},"senderMessageKeys":[]},{"senderKeyId":889030135,"senderChainKey":{"iteration":1,"seed":"pv5AiKefsSvUV1WPEf8YRww6O0istuImmU++UaGI32c="},"senderSigningKey":{"public":"BZuwYel6MQNxDwWeeMHBx73oEOjuAARTUILmOdiiv9JI"},"senderMessageKeys":[]},{"senderKeyId":2109275670,"senderChainKey":{"iteration":25,"seed":"94R2wEJhkf2wBIFuCy0QBWqOWXC6Ju6IZvPhdaW3t5o="},"senderSigningKey":{"public":"BS4pN52LG5P1XOYKbQ20jEx5SksUlL1Uwi5WoAhdI0EJ"},"senderMessageKeys":[]},{"senderKeyId":1580757061,"senderChainKey":{"iteration":5,"seed":"mX/nBwcXjV6CtpmoD/qiUssUil12hR2lERuib3ETWHE="},"senderSigningKey":{"public":"BWmV8mKrMlhidCMmid2Ytna4iq8hWIPGO6BT21VgkRJU"},"senderMessageKeys":[]},{"senderKeyId":1633788311,"senderChainKey":{"iteration":5,"seed":"6fYiduzWYnyeuwpm8YQbocDA7DymkVSh+G43Joimvrs="},"senderSigningKey":{"public":"BRFHvmOWwdqcsPKdab/Q1HzjNdlywz11yS3FX+1+IlJN"},"senderMessageKeys":[]}]