[{"senderKeyId":1049416040,"senderChainKey":{"iteration":1,"seed":"02FIyP7MAmnv9Ly9il2/89e+u8A0HC2ufrsfZxl14Fw="},"senderSigningKey":{"public":"BYVA51hzLawgfO7TLSxHkUPtdTjn+boQCohUIr1dtgQe"},"senderMessageKeys":[]},{"senderKeyId":1066967912,"senderChainKey":{"iteration":0,"seed":"Zkpu18OhuZuZtzX6txIuGfd7RWmopBqJOGGvOtPQGCQ="},"senderSigningKey":{"public":"BfuSpA3TBDZNpe2woked7fcK2r5CNm1LA4TKiS1yF6Bf"},"senderMessageKeys":[]},{"senderKeyId":194626350,"senderChainKey":{"iteration":3,"seed":"2QdCwU5JN3YC48XOzNmD8En1c2ymqAYTszlbroOKad0="},"senderSigningKey":{"public":"BYdFkjbTKbgwKJ3E8MyAiCvq9f6Pi+UGtRf13grSJstN"},"senderMessageKeys":[]},{"senderKeyId":1047996526,"senderChainKey":{"iteration":1,"seed":"XUE04l3tFd+6Q2hvICmdyK0H5/cprL0hHp7WatzHgDo="},"senderSigningKey":{"public":"BYzDy/H+CdfaobcOXiw4v64wZLct8pafOzrNQ4InwtVn"},"senderMessageKeys":[]},{"senderKeyId":898614846,"senderChainKey":{"iteration":14,"seed":"kpg/DWk60ROqxgl310PbN1vDRIc36lVIKf0bVLQlyRc="},"senderSigningKey":{"public":"BdgsYZsXs2o0yHGuJcNKTexWVNhX7MrCGQ5BLRP9HJhT"},"senderMessageKeys":[]}]