[{"senderKeyId":479937987,"senderChainKey":{"iteration":66,"seed":"OFWH10aqYGpEfZiMVkbVLsg/IAni9R+l9YeVQRHc5cw="},"senderSigningKey":{"public":"BSlmltGVDA8wp0U2VqZgNTglh/zHNYFAeVDbNpp1ePxe"},"senderMessageKeys":[]},{"senderKeyId":1048224381,"senderChainKey":{"iteration":1,"seed":"FUFkgUqu8FALcwfZdOqsggEGCU+odw2ogYuz1mJX5r4="},"senderSigningKey":{"public":"BTSZ1r06GHqBX/7DjDC/h8Iio3dAtTzU+vP1UbXWY6s5"},"senderMessageKeys":[]},{"senderKeyId":418898845,"senderChainKey":{"iteration":2,"seed":"KjUjqFbbyDMCJ3lVA4RWHCInHuAr7uv0bNPBUwY6fT8="},"senderSigningKey":{"public":"Bb62b6C0Ig9CuhrSC7Yfi61OIHcq9RrWFYztY6YLCshZ"},"senderMessageKeys":[]},{"senderKeyId":418898845,"senderChainKey":{"iteration":0,"seed":"FoKbGSrTKxy4akBK5lyUNLs9q2gCyqvViB0ZunGHYPQ="},"senderSigningKey":{"public":"Bb62b6C0Ig9CuhrSC7Yfi61OIHcq9RrWFYztY6YLCshZ"},"senderMessageKeys":[]},{"senderKeyId":302368389,"senderChainKey":{"iteration":30,"seed":"yrYvvwgAnxBvDp7GbjRSlxqnSwu0D+D+kP45P8HqnWs="},"senderSigningKey":{"public":"BfdLP4sI2eNN8vnj377OTvS+bqTzRIc5hsDNOKmswj4M"},"senderMessageKeys":[]}]