[{"senderKeyId":2009828987,"senderChainKey":{"iteration":24,"seed":"iXa1aneN2WaUj0THvlJu1lTUdlId8ntZoUg4PMFeq+c="},"senderSigningKey":{"public":"BdK52+73P3xNtNW0gXCA4BtHWQBsS0rTM7G7JCej7gUc"},"senderMessageKeys":[]},{"senderKeyId":1201329271,"senderChainKey":{"iteration":5,"seed":"6W35HecK+XkSZ/lDb0W4io3nXUDr5GV0B4VD8rec4xI="},"senderSigningKey":{"public":"BafYSqbLUoWF4eEsp+sBVcc7gCNqFanjccKswWpQ7w1I"},"senderMessageKeys":[]},{"senderKeyId":1201329271,"senderChainKey":{"iteration":2,"seed":"yD+UwGM1gy75bNGF//jcZtEZOWX40Mo8XvJS9cz3mSs="},"senderSigningKey":{"public":"BafYSqbLUoWF4eEsp+sBVcc7gCNqFanjccKswWpQ7w1I"},"senderMessageKeys":[]},{"senderKeyId":1904917828,"senderChainKey":{"iteration":14,"seed":"wJkYdo05CLWl4Vzh3qd8/8ulBwdc3uOgQ1aNVhHJKm0="},"senderSigningKey":{"public":"BZd7BKTfd3VfA809biZ3J1heWhjD/cbH0DYvuAQSKtUT"},"senderMessageKeys":[]},{"senderKeyId":1904917828,"senderChainKey":{"iteration":12,"seed":"uUxtz+VpcOGQ5rjVh/OBoNA153jsAfNpPTIE17AuLjk="},"senderSigningKey":{"public":"BZd7BKTfd3VfA809biZ3J1heWhjD/cbH0DYvuAQSKtUT"},"senderMessageKeys":[]}]