[{"senderKeyId":269610457,"senderChainKey":{"iteration":1,"seed":"yagGWM5/Rg8o2njTXa8rfQdAos0YsojkdZ06P4680XA="},"senderSigningKey":{"public":"BbOYghNFVcBcgUUBBdcZM6s6Cp5a2JCK5Ouf14ZLQbhm"},"senderMessageKeys":[]},{"senderKeyId":984748253,"senderChainKey":{"iteration":0,"seed":"YwP5OrduB6/RkwFREEy8+mvrxVmY6cv/FyNPdb6Vu5E="},"senderSigningKey":{"public":"BUsxahgoou/L1fvAV2Lydd8YIwSkf/9TJMmXZ+Fr/mN4"},"senderMessageKeys":[]},{"senderKeyId":2047271458,"senderChainKey":{"iteration":3,"seed":"IFcy6lLQ15hA/hEOmmUNmy7Z1cFR6qaK/z5W+zPcGRk="},"senderSigningKey":{"public":"BXwEEMU8qwFQ4MxDj3z4LnarROrN+mdza4B0Z5j34J9T"},"senderMessageKeys":[]}]