[{"senderKeyId":774440655,"senderChainKey":{"iteration":1,"seed":"WAe9lMRQT5u1R1Pqf0OV2AptNnJ39pXoOcI+TEtwLs8="},"senderSigningKey":{"public":"Bd3r/m3fB+HZz3qaKeJVW1kWSlYR6+iY7y55OEhjMUI4"},"senderMessageKeys":[]},{"senderKeyId":878809191,"senderChainKey":{"iteration":3,"seed":"0iIMDy0oZD9PK9I5PSBlBxEXxozxelrV2sllrL0JnB0="},"senderSigningKey":{"public":"BaPG1vu+7PLaR5nc+JFEiKHLo0tm1lOWl7jmk37am3xG"},"senderMessageKeys":[]},{"senderKeyId":991802977,"senderChainKey":{"iteration":1,"seed":"n9AJV1CDOrecMWo6szcu70n6yKiqvWCOuy029Yhr/nw="},"senderSigningKey":{"public":"BUICFeJJAU/qRxOSLplBzKYsjN7W0eBpoQRlF87lc31W"},"senderMessageKeys":[]},{"senderKeyId":924861542,"senderChainKey":{"iteration":2,"seed":"xReArlnn+rJd/JZWKiXQDB9MNo+YGSBq4ExL4JrW7yU="},"senderSigningKey":{"public":"BdFDPcvXd/qd9PDkjpcdbOJVsnJ/T4YIYqx6+4w9tcAR"},"senderMessageKeys":[]},{"senderKeyId":1387855736,"senderChainKey":{"iteration":2,"seed":"MKBppQDfyQSegg9d/J9K6EhV2QljLbNeJ+zqszrHA/o="},"senderSigningKey":{"public":"BZVQGa/VMRtkwuVvrhWju2vAbd1OK3UVO/oyKNmFeXFu"},"senderMessageKeys":[]}]