[{"senderKeyId":1945338714,"senderChainKey":{"iteration":2,"seed":"WvcpqDWt7pfuWZ8lr5uwZX0iAb0qBSxGCgqQs3JZSjQ="},"senderSigningKey":{"public":"Bbt+3gUSTT1HtHDTMC4mjMNP/fq4H8ULJwClia/+7etT"},"senderMessageKeys":[]},{"senderKeyId":22699692,"senderChainKey":{"iteration":5,"seed":"NhSXeGssmg+mrHiPIf6Gt1Nsx11fNpQM+uMAloTRD6Y="},"senderSigningKey":{"public":"BTSTyA5gcj8FOpEn+Cdh8dRi4VtMCs2+9sB5QWfBn7c0"},"senderMessageKeys":[]},{"senderKeyId":722480345,"senderChainKey":{"iteration":3,"seed":"bqdDBIoFwN9Qpj+kuFtsBgVS15FtCv+xZ04xYu5adko="},"senderSigningKey":{"public":"Be2jXu42eGS7+GSHVsOJVu9Py7HtQ2SPGws2tx4jLdNQ"},"senderMessageKeys":[]},{"senderKeyId":863044507,"senderChainKey":{"iteration":18,"seed":"QAIe6IIB39/1FfIJDi1l4HE4M0QvMuYhHadgfXilMSg="},"senderSigningKey":{"public":"BaRW14nM5FZ7Vlra3Sr4fEbiag5e5WW5+sNra4sQiFMQ"},"senderMessageKeys":[{}]},{"senderKeyId":863044507,"senderChainKey":{"iteration":3,"seed":"3867S5RVlKA0bj453eptzG5pxMBEVbd3vMUYFyE92kE="},"senderSigningKey":{"public":"BaRW14nM5FZ7Vlra3Sr4fEbiag5e5WW5+sNra4sQiFMQ"},"senderMessageKeys":[]}]