[{"senderKeyId":1180645986,"senderChainKey":{"iteration":10,"seed":"j8VJ3oF3QGDzb2EOvpoO8AN1MYFGKog0Bp2PUxLQH60="},"senderSigningKey":{"public":"Be/Zwn6HYmLQC9ob70fo6qMxzZjP+aMtHhWkXVBFklpu"},"senderMessageKeys":[{}]},{"senderKeyId":1347044262,"senderChainKey":{"iteration":0,"seed":"9xgoeDbiMnFYhrSnucmDdFzCx//ZXXajMT6FzsCjXqY="},"senderSigningKey":{"public":"Beer/j4YJ9i4rVY6m8eR3E7fx3+ifApm1ieyomXltdIs"},"senderMessageKeys":[]},{"senderKeyId":1347044262,"senderChainKey":{"iteration":0,"seed":"9xgoeDbiMnFYhrSnucmDdFzCx//ZXXajMT6FzsCjXqY="},"senderSigningKey":{"public":"Beer/j4YJ9i4rVY6m8eR3E7fx3+ifApm1ieyomXltdIs"},"senderMessageKeys":[]},{"senderKeyId":1446709548,"senderChainKey":{"iteration":3,"seed":"he5TlcMnR2V2Ze+EUDbVPbUDt/UtnL14Vtr0QXtNDFg="},"senderSigningKey":{"public":"BXknVQMjCTMT3TDXyoAYYxbyOy7Ztsq0kik/9Ge6D104"},"senderMessageKeys":[]},{"senderKeyId":1841313659,"senderChainKey":{"iteration":1,"seed":"lQ4dvAkj/RTxtC5/w7M3r5DET8EzmpzxQ0MO5UxEy3Q="},"senderSigningKey":{"public":"BWV7CH+Hp7uUFPUBrE77iQYbh+9q7juHWCAUZFFqsiFa"},"senderMessageKeys":[]}]