[{"senderKeyId":969540415,"senderChainKey":{"iteration":4,"seed":"XohNR9CFu3Pk77jhhtFDR18WqrkqXou0S/FsGK4ruMs="},"senderSigningKey":{"public":"BeSDBdE13OQ6LUtE4TqzH9Gt9W0/VUOTtcjMmJmVIZFC"},"senderMessageKeys":[]},{"senderKeyId":1118771987,"senderChainKey":{"iteration":2,"seed":"iS21D3iFV8KRm5ADpiURoY1gslSfq9jInVi70vYdzdE="},"senderSigningKey":{"public":"BTbbFHO78v5u6/0jHP6cXkfbvbMEwz8zxc0xCSLipsk3"},"senderMessageKeys":[]},{"senderKeyId":404923451,"senderChainKey":{"iteration":22,"seed":"L9rOBC/8jU514TzwaXp0jTT6Tgen6YxwiMGzu5dK1Ag="},"senderSigningKey":{"public":"BcvbSRcVMtTlgFQ8w9eSs8WgXz1TUl7dVa61m3aSjwtJ"},"senderMessageKeys":[]},{"senderKeyId":1155688828,"senderChainKey":{"iteration":16,"seed":"WD+cf1bc+jRHe6I5/2V3gEbMWajSE0xkhHBlGWkLPZI="},"senderSigningKey":{"public":"BZ9ULANoHVsd7gt5Sqe2m3viw8tXSjuGIeGlvqwk7mAe"},"senderMessageKeys":[]},{"senderKeyId":1155688828,"senderChainKey":{"iteration":5,"seed":"vIgDEdpgrMWWE6tQH6YrJfsLWXTyfTphZZgccng4vYw="},"senderSigningKey":{"public":"BZ9ULANoHVsd7gt5Sqe2m3viw8tXSjuGIeGlvqwk7mAe"},"senderMessageKeys":[]}]