[{"senderKeyId":2144553898,"senderChainKey":{"iteration":17,"seed":"oq2iosvYndwPbSL0H0wdMK2u2dAfIkb15gIr2Arizy8="},"senderSigningKey":{"public":"BcwKerXzOyN6vF9yXKK/L0NYsFZ2j1svtchfk/qEql4Q"},"senderMessageKeys":[]},{"senderKeyId":960556010,"senderChainKey":{"iteration":13,"seed":"v0vD26NEW2chBS2L5Y49LVRmVLT2J1p4fnVSwYs5h7Q="},"senderSigningKey":{"public":"BV1+LkgvqXmEYdHSCHeUvle0QSajFShPJwzijrVr++x2"},"senderMessageKeys":[]},{"senderKeyId":1088615949,"senderChainKey":{"iteration":14,"seed":"U+W6vtDXBM0JT9HgdfKHRDVkeWcHZOGSpB9uRyhXtn8="},"senderSigningKey":{"public":"BZ2IVpG1yvN570gh3hc9GcmmR2tQjBdiqsucGWEcuyFp"},"senderMessageKeys":[]}]