[{"senderKeyId":1297830731,"senderChainKey":{"iteration":2,"seed":"DWWpyypTqOe7RHtz4yjZpCC3gNT/SEsXfwcObGxqf70="},"senderSigningKey":{"public":"BZ8nh1A2bmXnpwQXn/3tOtRXYCRTmLrlo1s5uJkDClJS"},"senderMessageKeys":[]},{"senderKeyId":1386204526,"senderChainKey":{"iteration":3,"seed":"IcZGWdYGB21XpGOpmiiJ9R71YAVFw/3QWTly2iZtkrs="},"senderSigningKey":{"public":"Bf1q0BVUANFnJQKsoWmxHkPF+4m6HU18Qfh8Vli4q8si"},"senderMessageKeys":[]},{"senderKeyId":1881189496,"senderChainKey":{"iteration":2,"seed":"/Z9Ba0qagm4Ck44cS/kMN3WEPohkyMaZlb8aKZfLOhE="},"senderSigningKey":{"public":"BZMfkQLiWzpaSR52gr/LVrf17IvPIxvnsfRGG5UjDBcY"},"senderMessageKeys":[]},{"senderKeyId":1435939349,"senderChainKey":{"iteration":1,"seed":"70hVLI6xpMKrOqpMF7qlBzWdPz0NhxdvLT2BVGtdPQA="},"senderSigningKey":{"public":"BYoJBsuWeBjhG14//ZbGsLTnmSDE32aR+YFfVEDEIcsX"},"senderMessageKeys":[]},{"senderKeyId":1678895546,"senderChainKey":{"iteration":16,"seed":"3c/nuOcmD6mA+ZOg/Qfb55kADq9gP4YjAGqLqUYcYD0="},"senderSigningKey":{"public":"BerQs3eArrCQJHhtcF3IvY6JQOi9+8G0AFBMi19vWiIm"},"senderMessageKeys":[]}]