[{"senderKeyId":1096172699,"senderChainKey":{"iteration":1,"seed":"LkZUGdr3MAtx/79vc+gAbYlgijGG3PDeFvqQwo9Yd6c="},"senderSigningKey":{"public":"BapygoNVTU4yQRkpzq0VsEOTUWNQaycWMHXoO9+DUvIn"},"senderMessageKeys":[]},{"senderKeyId":808475702,"senderChainKey":{"iteration":3,"seed":"ypOx69oaHB5wKlKXEbhFgpu1cr1xdHXxM8cJa89qrZM="},"senderSigningKey":{"public":"BVa6V0fnn0EItrh2ZTxQT/PAAQmkGN30b4IYJ+HP9q8F"},"senderMessageKeys":[]},{"senderKeyId":453953448,"senderChainKey":{"iteration":2,"seed":"7tOxSdxdZCs73FdTeLlNLqZB2Ht69lhYU1Ozj+4a+jE="},"senderSigningKey":{"public":"BULHOIO3M3TBK5/+Nwl+PRxNcs+LuKzv5Hk+S/QeP+9X"},"senderMessageKeys":[]},{"senderKeyId":28224091,"senderChainKey":{"iteration":2,"seed":"n7jp+CNlqk4y84DchNI94NZJ5lLa+EFatCwftyJ5zIw="},"senderSigningKey":{"public":"BSV+e2fi0b/XLvP01giX0rgu4cpu8kMeV66GOWEO3mxQ"},"senderMessageKeys":[]},{"senderKeyId":697165786,"senderChainKey":{"iteration":4,"seed":"/EMsU8/Qq/L+xEcE1+smKAgVDdy7HPCIcjSdjmCl6to="},"senderSigningKey":{"public":"BXc/GCk+A8DUO8eMNfJGgaueJ+jrNdGl7ZvZGHPLhKFd"},"senderMessageKeys":[]}]