[{"senderKeyId":454373316,"senderChainKey":{"iteration":18,"seed":"hTmyrKU2IGj+6F1fdt5Gh6ofUnfBacNTj2k3Il4xu6k="},"senderSigningKey":{"public":"BfB/mufOvG4Sw8kg5vLnsu7PjZAK7q4PGqhZDJjzNk8S"},"senderMessageKeys":[]},{"senderKeyId":842222325,"senderChainKey":{"iteration":6,"seed":"M6u66q/WoNipRAiu68zwODLDQAgdOyIHAsVgCF87MxY="},"senderSigningKey":{"public":"BQAHGlAH77nYW/QUR7Yxy58IVbXQxuuEyBIGCFv2eVd8"},"senderMessageKeys":[]},{"senderKeyId":914671565,"senderChainKey":{"iteration":12,"seed":"0+3xooaNeXJnInIRZu6QeU/4XbMhYih+bYPQUySb91I="},"senderSigningKey":{"public":"BZSnpONgAusVw4FecwBj/6Tp7levPDgX8CznZ98WAUcX"},"senderMessageKeys":[]}]