[{"senderKeyId":930969923,"senderChainKey":{"iteration":1,"seed":"ljuAGxW/FXwWEtZBfXLX3eMs/r4Q6Yu2ZTwTBteAXzI="},"senderSigningKey":{"public":"BZJvQh++GCQQCF2XD+p/T9bwp13uX32MeZFJmQHtOs0X"},"senderMessageKeys":[]},{"senderKeyId":2114876722,"senderChainKey":{"iteration":4,"seed":"Xs4ahr/0vOSb+aneU+AIS7/fxUH8V1uIb9nTbouid90="},"senderSigningKey":{"public":"Ba59tObNAnXNwWKpeTUygpBTcWZbXL+XujmZO57RQ7EA"},"senderMessageKeys":[]},{"senderKeyId":234574626,"senderChainKey":{"iteration":1,"seed":"PmjRg4I+Yj9K63NWBu080M3ql7sYRK2Rsb0wuVC2nFU="},"senderSigningKey":{"public":"BYQUqmA4OHFnPnBwKWcBuUhXGWdcj8LpzarMCx2EfBIg"},"senderMessageKeys":[]},{"senderKeyId":534434361,"senderChainKey":{"iteration":1,"seed":"iipb1+PRVYPzCGMjxM4a8t5a9sAi+a1YfZfAU9jyGIQ="},"senderSigningKey":{"public":"Bc5O+16dyG1pGvJ6xidakuwTKFn7b1cB115rifyVLHQy"},"senderMessageKeys":[]},{"senderKeyId":1381062766,"senderChainKey":{"iteration":6,"seed":"yxta6E1FNUsJWZJ2gXJPrnvum84iqgXoptx3PVdiaLg="},"senderSigningKey":{"public":"BTwX4nTtHi0K1rwOSNFjDpxgT98GyVa0zvPTvuZ83ZV1"},"senderMessageKeys":[]}]