[{"senderKeyId":144332308,"senderChainKey":{"iteration":5,"seed":"G/i1G6cFqLvNyzSpyRHU0zwoV/SilI09msH1DYdPkhg="},"senderSigningKey":{"public":"BS3d3OmyGjlGqpABmUmJ4FBabrOJk2pyVimmCPkqgLJX"},"senderMessageKeys":[]},{"senderKeyId":1500080630,"senderChainKey":{"iteration":9,"seed":"yqlaJcpBcyJDQ9ZpR8pBekm+FoqYkBRZLwbXRGRuKtY="},"senderSigningKey":{"public":"BdE0VaTHqcCpG+e+6rjN3pTEho8SXkrZSDeJsFUmWOl8"},"senderMessageKeys":[]},{"senderKeyId":1500080630,"senderChainKey":{"iteration":5,"seed":"Yh0174N3yn0xEmEkJWPQTlEoaPtr9ztNJ0LdkxxRT9E="},"senderSigningKey":{"public":"BdE0VaTHqcCpG+e+6rjN3pTEho8SXkrZSDeJsFUmWOl8"},"senderMessageKeys":[]},{"senderKeyId":1917900473,"senderChainKey":{"iteration":1,"seed":"F+ihkmQRzofS/cmaysWV5z18+vV9s+hmDlKSegf68jM="},"senderSigningKey":{"public":"BeRoSda/9etMSFcYiK04dr8QT4HLdHf5VXFGbA0bC1wZ"},"senderMessageKeys":[]},{"senderKeyId":1864550908,"senderChainKey":{"iteration":3,"seed":"26jZ1TvoDsap4JGhXgDQv5k5qMOgO+xdhu4V9w5y7zU="},"senderSigningKey":{"public":"BU5AoogLYBLWPcHt2A44SSFd8VlP9KGzSk2iYSl29gZq"},"senderMessageKeys":[]}]