[{"senderKeyId":1270384415,"senderChainKey":{"iteration":1,"seed":"wiP1t3TNkBxxndhQqYImGe57i2xqqXsAD0uGo8J7aeA="},"senderSigningKey":{"public":"BUNieBARCSwJc/qPekM1slaeJmiscJ2RpykYTVtZQFQS"},"senderMessageKeys":[]},{"senderKeyId":1092126637,"senderChainKey":{"iteration":5,"seed":"g+l2Nl/mkYrQcnjMDKGITq/qutnTDMdDCh6uv0xkF2g="},"senderSigningKey":{"public":"BQNihYOIaPJysf8A8TQzx578XrO2MQSW/tdnbmNwKe97"},"senderMessageKeys":[]},{"senderKeyId":1092126637,"senderChainKey":{"iteration":4,"seed":"QUy5aQgdNP+1MXMmn0++u1yC9GN3C4Xkclgk9sPPmpw="},"senderSigningKey":{"public":"BQNihYOIaPJysf8A8TQzx578XrO2MQSW/tdnbmNwKe97"},"senderMessageKeys":[]},{"senderKeyId":159206555,"senderChainKey":{"iteration":3,"seed":"7Y5rx5VfhFqlAT4qV5//heBC8d9Pr/UgnBfR7+MW4ts="},"senderSigningKey":{"public":"BRcHk0j0rsw2rXcj82PRc3P7MONq75lgMGV1DqQDeZRa"},"senderMessageKeys":[]},{"senderKeyId":1587766630,"senderChainKey":{"iteration":2,"seed":"HrHjKMrkofXkaJkVYzy/UQcyjwEKjpI7amb/gckbIp4="},"senderSigningKey":{"public":"BU8pIdHfZNb0ky6j7pzWKLvw3MCrQqgbwjNyOu8fzdlm"},"senderMessageKeys":[]}]