[{"senderKeyId":1719995986,"senderChainKey":{"iteration":0,"seed":"I3MEacmE8eiGBRGj81mYhun1JJFS4EeesW6V/16JUwg="},"senderSigningKey":{"public":"BcdDRR48X3xK1lIfnFnW9Kl8MxIvEDQ0m6ElpkF1ETAy"},"senderMessageKeys":[]},{"senderKeyId":350616741,"senderChainKey":{"iteration":0,"seed":"gvq+bIWpAtSU+F8vB6ca72o9U8qrcO7l4hK6uxakbOo="},"senderSigningKey":{"public":"BUdTNBdTT0wT/juoUazoUSfxvr4QTJKPP6cvbVkn9Ixf"},"senderMessageKeys":[]},{"senderKeyId":633217355,"senderChainKey":{"iteration":9,"seed":"A/3dKO4+MrPFvSWhK4el4/AkPb9VObiECeYFn5DnyY0="},"senderSigningKey":{"public":"BUW7uhVDV4YSOYUUF52pIDsDyHu+wcfdCzjFF5RApZEi"},"senderMessageKeys":[]},{"senderKeyId":633217355,"senderChainKey":{"iteration":3,"seed":"4G3yijB9TQlpClROpjyEbHqvEjEsihj7S6kgfyt84K0="},"senderSigningKey":{"public":"BUW7uhVDV4YSOYUUF52pIDsDyHu+wcfdCzjFF5RApZEi"},"senderMessageKeys":[]}]