[{"senderKeyId":42446204,"senderChainKey":{"iteration":79,"seed":"j5cZriqqdhkPUXONgFSZA+wxeDhCpBUQHn89lVj8AOk="},"senderSigningKey":{"public":"BYAaciA7ahpfRgQ97Q8fzxxKsgujTunm6e6CkifTL5R+"},"senderMessageKeys":[]},{"senderKeyId":42446204,"senderChainKey":{"iteration":76,"seed":"FOe2Zl4GWByrcOzZ9MUhGknV1voSxRhXiHOww+cPeak="},"senderSigningKey":{"public":"BYAaciA7ahpfRgQ97Q8fzxxKsgujTunm6e6CkifTL5R+"},"senderMessageKeys":[]},{"senderKeyId":265641038,"senderChainKey":{"iteration":1,"seed":"iEVB7WCHep04nI4AivT0bsuwae+ZycbcH1BE0vsXgww="},"senderSigningKey":{"public":"BQW8VFU7c6ZX1zjbYUNe/2KSbT3HwKklDWS3zOIiA3hp"},"senderMessageKeys":[]},{"senderKeyId":647495985,"senderChainKey":{"iteration":5,"seed":"12ljA4mgdmXRI+9r0wmrO5CBnC22dpRGb4kbai0MUqw="},"senderSigningKey":{"public":"BcZFnPjwyqnWUG9t+eEun46aKScm0x0OzrC7V99w6cBk"},"senderMessageKeys":[{}]},{"senderKeyId":393738442,"senderChainKey":{"iteration":2,"seed":"hU+7fm1QGEjkFj9AaWqdc/tieydGmucD94W1s4cNHbA="},"senderSigningKey":{"public":"BbaEHhvcrAA1Tvj9G/DGUvdnVqLiGEiQ5zGZlongAV1Z"},"senderMessageKeys":[]}]