[{"senderKeyId":219587694,"senderChainKey":{"iteration":48,"seed":"Di0IYD6hAAMtb0GnXEoHXa8llcWwWTv53afQbcg/AmI="},"senderSigningKey":{"public":"BQkS42IJ0Zyo1l98SG0aHSUcdjz9DLbNkDeR8pgUppY2"},"senderMessageKeys":[]},{"senderKeyId":1599986156,"senderChainKey":{"iteration":61,"seed":"Wad1/rq2RCahwVKp6EGQI4OKnbZbqnLBcqNKeQlC1bI="},"senderSigningKey":{"public":"BY8r7uutW6fRf3IkSJ3v934oyVTEJVVo/ligf3ptYwkC"},"senderMessageKeys":[]},{"senderKeyId":1599986156,"senderChainKey":{"iteration":23,"seed":"fqIr0iGPKrS1CCrskw0zWQufW+lE4EM8w9uQv3XCH7Q="},"senderSigningKey":{"public":"BY8r7uutW6fRf3IkSJ3v934oyVTEJVVo/ligf3ptYwkC"},"senderMessageKeys":[]},{"senderKeyId":626154484,"senderChainKey":{"iteration":47,"seed":"cBlU65Pa/kvQ+sacUwpwKcqxSU/8VOkm9ANgLUv9fMY="},"senderSigningKey":{"public":"BRppLj1pUnhb3kPcnXeDu1/+SSCrCQkdLp/MnFUWM3c0"},"senderMessageKeys":[]},{"senderKeyId":948570346,"senderChainKey":{"iteration":39,"seed":"GBOhBQ4wlLjflfRf1FilBmJrutlPdq7FhuaX8zD3DY0="},"senderSigningKey":{"public":"BWSi5swXphQTG3E+u/kC/29pG0iDO16l2NAnY0DtXc86"},"senderMessageKeys":[]}]