[{"senderKeyId":452216067,"senderChainKey":{"iteration":0,"seed":"DZFwy9snWD+vNbGms/Jo3uzC3tifDmB0VZVPvTa6y5g="},"senderSigningKey":{"public":"BdAE2jGLtsMxIWo/rRGt/epyhCBI+pxKr1ypGEMmJ9RK"},"senderMessageKeys":[]},{"senderKeyId":1227228039,"senderChainKey":{"iteration":1,"seed":"5fO2JQhdALjsUJKQl7nLuFPg365gr6u5D/r2V/KeoC4="},"senderSigningKey":{"public":"BXNnLfJG0b/aqTJRbHSEZUAkrEZdMHtXTgWLHLNePZUN"},"senderMessageKeys":[]},{"senderKeyId":2119697929,"senderChainKey":{"iteration":3,"seed":"4nmBTRerRyjZlxS72rcZCNCavhyTLSfx4BqqUTnD7a4="},"senderSigningKey":{"public":"Bas+K7TKSdiHei9xr7cS68rD+fjNSX9niZ7VfUwBgFkR"},"senderMessageKeys":[]},{"senderKeyId":314069576,"senderChainKey":{"iteration":4,"seed":"q4GLTZ97iFlCmZANDWZbNY5cdonWzpzLONppQsY773U="},"senderSigningKey":{"public":"BXVAFvf4G2E/EqrZhm9IbzU0YMBHvW84+8ER5Jxf/Lt5"},"senderMessageKeys":[]}]