[{"senderKeyId":1913174371,"senderChainKey":{"iteration":1,"seed":"0QzgK+8GWdMWpC7+IpG9CcmLvoCW7Jws4tyEDtx4yB4="},"senderSigningKey":{"public":"BU26iTeyUup8goH3b0RZqH2EfcmxNykOzRvoVpBUHl52"},"senderMessageKeys":[]},{"senderKeyId":710422807,"senderChainKey":{"iteration":3,"seed":"ki6LUb/fgsO/WVFR98L2YdZThrmXki/vyTYL5fi0a+g="},"senderSigningKey":{"public":"Bcir5XqR25tjFKL/awkgSAlk+V3Zg4ScLP5Y95DgwlkZ"},"senderMessageKeys":[]},{"senderKeyId":515935523,"senderChainKey":{"iteration":1,"seed":"e75zkZsXVy9ije0ZLfr3YeXolTKuRSIkxPDqzt5ZITY="},"senderSigningKey":{"public":"BaDF7bEQ2WvXtKzVbFXH63faUVimSuhUoSoU/AcIDk47"},"senderMessageKeys":[]},{"senderKeyId":612550452,"senderChainKey":{"iteration":1,"seed":"POnco7aAIk95+GLAR9CLfvo2B4SZDpcTDt2XGr3iD/Q="},"senderSigningKey":{"public":"Ba6WOkKoR55DRR6Xm5qFePKuwzbtlXaB5NpG4q2ZLJhW"},"senderMessageKeys":[]},{"senderKeyId":1986787324,"senderChainKey":{"iteration":9,"seed":"KCgpbe5b6yPcoPSBUUyaIGYHAUsEwjj+c3Kot8VQeaA="},"senderSigningKey":{"public":"Bc0gqMqmSkTYWflTNCHSqkrMThyQlTf61X5j0pPK0eYz"},"senderMessageKeys":[]}]