[{"senderKeyId":1597680038,"senderChainKey":{"iteration":1,"seed":"ZOO/AIqRtPVRgEGV1r49U4xPeygpq8e9VtvPw4jGScg="},"senderSigningKey":{"public":"Bcg7jmXtIPVMeHoeBoKA60Lxn1Q00XuCzYTZl68extpb"},"senderMessageKeys":[]},{"senderKeyId":1882187144,"senderChainKey":{"iteration":1,"seed":"ZCXwfWLEGWLsi3aub2sf0zpnaSyFwxD+/qafRdghXKw="},"senderSigningKey":{"public":"BWkagOyZ9BxafaSHyDMrQVaBQrRkX+xH09kN+zK+UftA"},"senderMessageKeys":[]},{"senderKeyId":306674855,"senderChainKey":{"iteration":5,"seed":"0bdZ65XuIPqcMkwuW/BUE/qngS1qL56/QcBNkfE95yI="},"senderSigningKey":{"public":"BYydZ85wY+/rEnuWMWi3rZSDzIAXIFKwDFDvvCRyrrxX"},"senderMessageKeys":[]},{"senderKeyId":306674855,"senderChainKey":{"iteration":1,"seed":"mfP5gqsRYFBD3pGRDspFf7mE8YjkeZE3FJ9Unmxd9tM="},"senderSigningKey":{"public":"BYydZ85wY+/rEnuWMWi3rZSDzIAXIFKwDFDvvCRyrrxX"},"senderMessageKeys":[]},{"senderKeyId":919624622,"senderChainKey":{"iteration":6,"seed":"j7hEksO7QhGX/a7bMnbGxEBAmHwowA8mY14LWgeHnVs="},"senderSigningKey":{"public":"BaHN2oxaWUn5GEVE5SmJajeMilz8eVw/bVou9hlN9vkA"},"senderMessageKeys":[]}]