[{"senderKeyId":1612231724,"senderChainKey":{"iteration":2,"seed":"zCJSWaJ1U+F27vOvAKFQ9BaRFV+vY9tr/w66PPcj35c="},"senderSigningKey":{"public":"BRuemq0Ps/6eyhKjZrzVGhL3jb6Nj7bcCNDd7h1WlEtp"},"senderMessageKeys":[]},{"senderKeyId":905672423,"senderChainKey":{"iteration":19,"seed":"DFIzNPKLNpLEGOjqSXNtxbHZ/03o/960ixb78pvPyGE="},"senderSigningKey":{"public":"BVf5fLRNQxU7CbEVljD8SDzvF1Sfqm9HsMzelJEjtsNb"},"senderMessageKeys":[]},{"senderKeyId":568447016,"senderChainKey":{"iteration":6,"seed":"T16VANdqDnj0M/0Upjf9Xmt2hqtSAxJAQJ5JyivRbhA="},"senderSigningKey":{"public":"BRE7vPNMTRK4ZPBnIVygJU6pFltxxX83UdPQ0/x+PEQG"},"senderMessageKeys":[]},{"senderKeyId":2013710986,"senderChainKey":{"iteration":9,"seed":"DLCjmeXV9l4veYXqK8hNWj3hMMgv6ii1+BUFfgs7f/M="},"senderSigningKey":{"public":"BZwrhy+KHT0lWAm9v8SEoEqwSivn6xr0Y4D5w3SdZDgm"},"senderMessageKeys":[]},{"senderKeyId":2013710986,"senderChainKey":{"iteration":1,"seed":"h15kvv1J8me+d3cUEeDDD4oMl07wQ4/YNsXJX/EsrtQ="},"senderSigningKey":{"public":"BZwrhy+KHT0lWAm9v8SEoEqwSivn6xr0Y4D5w3SdZDgm"},"senderMessageKeys":[]}]