[{"senderKeyId":1844334368,"senderChainKey":{"iteration":5,"seed":"ndSIUSLY1UWIBGv1qs0OGAq/1Aqqsd2DjO9CCbXCwTY="},"senderSigningKey":{"public":"BfGJ+qQSFlILZP4bmgP0cgWNpqYqmOPgKoopPFPw8VgS"},"senderMessageKeys":[]},{"senderKeyId":1761672365,"senderChainKey":{"iteration":1,"seed":"v+X3rrNIULbsfpXN3MYMcZT8WI45R5dulEZgkLdqEKk="},"senderSigningKey":{"public":"BWlOztgY8zurl1HSW5RWx4gFCbtgNeTcNPXdSLyf9y4h"},"senderMessageKeys":[]},{"senderKeyId":52210259,"senderChainKey":{"iteration":3,"seed":"AmNdsuFdwJoMQclxoGZGq0fVESj0JLjq82y/N4/rExM="},"senderSigningKey":{"public":"BayQCNG+GHoP+ecegx+C19E710R0+nG8KpGkvy1V8OkW"},"senderMessageKeys":[]},{"senderKeyId":2058126973,"senderChainKey":{"iteration":3,"seed":"9CipD6dTUicZ9pp17eIb5JHmtm5tbgsErJRUBXH4BFI="},"senderSigningKey":{"public":"BQLOfcEaQu2xogemmT7SLHcufhARcUSe7ZE0pAGIXK8m"},"senderMessageKeys":[]},{"senderKeyId":1566812216,"senderChainKey":{"iteration":2,"seed":"wMzKRZNGgpVuB54rdJhcTzBukfDTCqK42X09ttGAtaA="},"senderSigningKey":{"public":"BTYT99Ws7hga/NQjZ7BWaT7GEwBZmNnAnCiWwyMG9KsQ"},"senderMessageKeys":[]}]