[{"senderKeyId":1594196776,"senderChainKey":{"iteration":5,"seed":"N494rutCif66DDL+zrLtsI1eYlnWUUDcilFPGsoB1OQ="},"senderSigningKey":{"public":"BXWLhkvpdwNgbwp97zIOPFIpHmrWGSbb6VH+J6enePIy"},"senderMessageKeys":[]},{"senderKeyId":1868575206,"senderChainKey":{"iteration":1,"seed":"CJyJVVccQabCSMqYbLI/TdRpQ0iBXGCD0zXBVcgrXts="},"senderSigningKey":{"public":"BcPqSYOzZxvjlxKGOSS+kKbU5MBtmbFxygEifw3Matho"},"senderMessageKeys":[]},{"senderKeyId":665069459,"senderChainKey":{"iteration":2,"seed":"3fZu6W3wVdUwYDCoqctJKTaVs9cywhCOsNzql7OeqZM="},"senderSigningKey":{"public":"BVQfbBuBBuYDKfCpyEJqGzpXv0YvChbSXSb37y42JIt4"},"senderMessageKeys":[]},{"senderKeyId":511059400,"senderChainKey":{"iteration":2,"seed":"DxAHyfyFAUWrE1NE2+o53sGWeu9DA4sN/E1+utMG/CU="},"senderSigningKey":{"public":"BReD9+8W7kLmstmXS4DP7uaY3TH9XXsxpRumPabDUD5f"},"senderMessageKeys":[]},{"senderKeyId":511059400,"senderChainKey":{"iteration":2,"seed":"DxAHyfyFAUWrE1NE2+o53sGWeu9DA4sN/E1+utMG/CU="},"senderSigningKey":{"public":"BReD9+8W7kLmstmXS4DP7uaY3TH9XXsxpRumPabDUD5f"}}]