[{"senderKeyId":1095479460,"senderChainKey":{"iteration":1,"seed":"HAzT4sZpBV59xOiVtw9JCO50p3mKYMFb/i217nI7pxI="},"senderSigningKey":{"public":"BbR54ICyVvWnH6XVfIZHgCQ6UQ8TUio8gKwOe0RCkyRI"},"senderMessageKeys":[]},{"senderKeyId":1538621311,"senderChainKey":{"iteration":16,"seed":"wZs/7HSJNG/ufIZ00oLSiFtJJOjc4QRUQKBnXFBRetY="},"senderSigningKey":{"public":"BZV5pLCQwWNsHit/aKMyHPsKw+l8IeuiCKxG8nr3dvkQ"},"senderMessageKeys":[]},{"senderKeyId":401209843,"senderChainKey":{"iteration":10,"seed":"jyVk/EGf63qsy5v7YAhcunrfluIm5zDYp8PSkNH0c8I="},"senderSigningKey":{"public":"BQVOfjHtQy95/JzIJIIJ1LpINR/wNwHXrczmHmdlYw1x"},"senderMessageKeys":[{}]},{"senderKeyId":1741824679,"senderChainKey":{"iteration":1,"seed":"GWqJpW+anKmMCfcGhrK6xxyOs45hp+UOOmInPSyRpr0="},"senderSigningKey":{"public":"BVSCgml9vNj81ChfvA/DY+UyTc5OYi0GKiWxaKE0Zkhw"},"senderMessageKeys":[]},{"senderKeyId":778733946,"senderChainKey":{"iteration":1,"seed":"YWoGvCjNR3jo0Miwdv1nm4iOeZuVOfKL5gUM/a4DOd0="},"senderSigningKey":{"public":"BUPZ/7Dr4aZq1gGiD+O/9CdCuCdBoHZp3PTJduWM5sgq"},"senderMessageKeys":[]}]