[{"senderKeyId":517399610,"senderChainKey":{"iteration":1,"seed":"cLQQ2W4H7naUpzTd34N0NwEnBxScRQbhLhIOGwrgIjo="},"senderSigningKey":{"public":"BZYE36EXJtHBDz2gDyn6vTBqvzOFekfq14Nh1x+N/YsI"},"senderMessageKeys":[]},{"senderKeyId":791831497,"senderChainKey":{"iteration":1,"seed":"w8gbfQvEJAD9GQilLUOsDIcDEWNbvN5W3KZyvVhUNlY="},"senderSigningKey":{"public":"BYECnM0RfWwalafoapC3XNkW6oQPx41IGUEPHJ16GEE5"},"senderMessageKeys":[]},{"senderKeyId":1629872500,"senderChainKey":{"iteration":1,"seed":"7TG+qbXGfIvzm0DI7BKGftVz5zJuJjgngXLLMJZmDIg="},"senderSigningKey":{"public":"BfeNxXyLdSrl7UrHpRlvgCjSugBMzhmDALB5SQUyZaM+"},"senderMessageKeys":[]},{"senderKeyId":1502671962,"senderChainKey":{"iteration":1,"seed":"oWyLKYrQ5Rih0omdCzEcGXM+wCiZ1/VuMXgE+GjZ0qA="},"senderSigningKey":{"public":"BVHkq86RPdNCYGac3Yr7dQgcBZtacNak3hbLnRD7fNU0"},"senderMessageKeys":[]}]