[{"senderKeyId":1974594342,"senderChainKey":{"iteration":2,"seed":"x53P9+nEYAYiHP6BFc2RlEcdGi6K0TmOoxUb+HC9dZY="},"senderSigningKey":{"public":"BQhCoMcu7LGsESpOJy6srjtGU8H+Fwatw5CZ59RFiX0j"},"senderMessageKeys":[]},{"senderKeyId":1974594342,"senderChainKey":{"iteration":1,"seed":"JBvbVjHT+jtozK6jLw5e/rYMdg8vduyuhSohnW4nq9s="},"senderSigningKey":{"public":"BQhCoMcu7LGsESpOJy6srjtGU8H+Fwatw5CZ59RFiX0j"},"senderMessageKeys":[]},{"senderKeyId":1164992190,"senderChainKey":{"iteration":1,"seed":"iRrBVXkTkCP9RhqqZ+P9VbYb/yb9fDs/yhScqShe5zk="},"senderSigningKey":{"public":"BWgQIcAEOySliXGgASb7xHsjH5prp4pjytCbU8X+n7wm"},"senderMessageKeys":[]},{"senderKeyId":472252857,"senderChainKey":{"iteration":1,"seed":"gAizOyaRoE/JMhMUwxrDEYWc45NQxrk1ouUcH1wptFg="},"senderSigningKey":{"public":"BQcMrSwNugZC5BHCobwJ+HmWtxsZb9pAgHpxAEu9QMNU"},"senderMessageKeys":[]},{"senderKeyId":2108115796,"senderChainKey":{"iteration":3,"seed":"4SNKNd9wRQkvh3a5Cp4ovwwfIp0VuKxLh7pu+WVY7qU="},"senderSigningKey":{"public":"BdXfjXhRJDu9vAQDyWW362e+BE3JQVr3EyAdgUwpaQ0r"},"senderMessageKeys":[]}]