[{"senderKeyId":1611423344,"senderChainKey":{"iteration":1,"seed":"DgObR10FVKC15Ka2ddj9CYgl4D/EXHvW3+q2tE2OtWE="},"senderSigningKey":{"public":"BRAUi0kgpvsH5HXz05kpAVwTOile7Y/Sr49lr44kCE5W"},"senderMessageKeys":[]},{"senderKeyId":1589582773,"senderChainKey":{"iteration":2,"seed":"hRxVc2eQCPY8FFGpIgvzLhPNoMfQQ/F9N77QHloEGDM="},"senderSigningKey":{"public":"BdY3UwH8bYJ0Cc5s+DBwfqVYSAGVagj8kOmPE8lM3rsF"},"senderMessageKeys":[]},{"senderKeyId":1247191387,"senderChainKey":{"iteration":1,"seed":"AVBnKXCg6ZQgsxNBy3R39Ghk2scejOL24NV+nkfjtWk="},"senderSigningKey":{"public":"Ba0uqc/GOY9tTjb4llGpd4Z/Wxmt9GjtG8HF45L+hAwt"},"senderMessageKeys":[]},{"senderKeyId":258049593,"senderChainKey":{"iteration":4,"seed":"YHBrkboMEyN+BzD1hvLAncW4edfqiLNeHRL1RtTfE4Y="},"senderSigningKey":{"public":"BbhzzTxvMSJyCtZYM1iUA2vjB/anSHgGPItsxhcq45xW"},"senderMessageKeys":[]},{"senderKeyId":1273670534,"senderChainKey":{"iteration":1,"seed":"0vFN8I1FjUaA3w/K6nlb7U1rnd6kiw7YYCluZs2wL58="},"senderSigningKey":{"public":"BcT0j53nN6WWCqTO+J66/jRbZTXSx1fwa1GUUplKV7gO"},"senderMessageKeys":[]}]