[{"senderKeyId":1594544536,"senderChainKey":{"iteration":27,"seed":"7a3Yy5tbALJPiZALQKEmquadvjRVF4PwQb5T0w+INDo="},"senderSigningKey":{"public":"BVvhgIsFiy4CE5dR81cIbPXD0IPsxpnDaBqBf1AEU5YC"},"senderMessageKeys":[]},{"senderKeyId":80584047,"senderChainKey":{"iteration":0,"seed":"uCr9xem5+uhfIOBxP/rGe2sKq2LPB383SOXJdidjipU="},"senderSigningKey":{"public":"BeOtsQzibaxonH1/MeXcdYYVflz4Yu+1rR/K1iNRHSYS"},"senderMessageKeys":[]},{"senderKeyId":320576253,"senderChainKey":{"iteration":1,"seed":"GQ+mlYTCweLTtSh8YNs99VAHuIM9FAjoKR+jBJaNItg="},"senderSigningKey":{"public":"BcMuHxxYlv1NQEj+tTNRze1QJO1jrBNaX1RGaZBS1w0s"},"senderMessageKeys":[]},{"senderKeyId":1877680140,"senderChainKey":{"iteration":1,"seed":"JTLw7EhuAiRbUeY+Of9Dt8Nq4cKcP+lt+xSzpZgNDNw="},"senderSigningKey":{"public":"BfPlS51AKi+b63GJy0fjtzi/cISXoTjW8Y0abmbGFSR3"},"senderMessageKeys":[]},{"senderKeyId":373749411,"senderChainKey":{"iteration":46,"seed":"q7CUTBqF+9oPpi2WJxFhTtYY7YHWF/Rm5Qd3k0TddbE="},"senderSigningKey":{"public":"BQrfKWAVj5i8Qcr8IFdIwkJ+gOeefVYU/mXAillTZHM4"},"senderMessageKeys":[{}]}]