[{"senderKeyId":341435346,"senderChainKey":{"iteration":1,"seed":"EB2xYdXiGGcG5K23N6RNLn4zfo3KND2+rfLPxzpL1lQ="},"senderSigningKey":{"public":"Bfr3morayCJPu47m8PHDXbACpwTNkg3yXAgWJcR8Ey4C"},"senderMessageKeys":[]},{"senderKeyId":1647322814,"senderChainKey":{"iteration":0,"seed":"Kfy+/FgdyCIZW93QT3IqK4WKpX5DBiSKOlSjtCm966M="},"senderSigningKey":{"public":"Bd8Bqf1X7SoRWqRg0lLs1AS7QKy8mJLncw4WRJKHASMP"},"senderMessageKeys":[]},{"senderKeyId":1705252596,"senderChainKey":{"iteration":1,"seed":"9Pbkd8L5MlytEkZNJjFgb5X/oRUVP9N0jVzlFJnUMa4="},"senderSigningKey":{"public":"BZoBj+XPsnCYAfYCkNENAb1xc7w901tfcXMKpQslkVxU"}}]