[{"senderKeyId":2137378197,"senderChainKey":{"iteration":0,"seed":"+Pq+H/y4yKJfg5m2GWyTdgifwxiZHPr9OUMnLA8GLNo="},"senderSigningKey":{"public":"BfyGSZpllW49eVUOYZw6nL/Qi3dGHul6hhkfH6aiFYsJ"},"senderMessageKeys":[]},{"senderKeyId":217887066,"senderChainKey":{"iteration":7,"seed":"a5/IAGDZTd6ZQI2hbYI/US2+P3Nza7TrhLlY4XyhDFE="},"senderSigningKey":{"public":"BZX/FWM781ssOFSsGnRE7CngEsaBcw93Y+HOJixLDPN/"},"senderMessageKeys":[]},{"senderKeyId":1353006121,"senderChainKey":{"iteration":1,"seed":"cvyTWKX77x7nN2yfmilFMhviwvnqxdqQIj5lWUwW7+s="},"senderSigningKey":{"public":"BeiaNXSU31UZx9TxHvrl+v82gX1WoXRiLIPtPfteeXJe"},"senderMessageKeys":[]},{"senderKeyId":1404891308,"senderChainKey":{"iteration":0,"seed":"WSD+FglMOn3p3mgXdZBdL3rvUWnTTi6Ese9ZDrlI0Fk="},"senderSigningKey":{"public":"Bb19tEaxPSGoM+YNIPUfOMocd6QPPvrF7deZ3c8aB498"}}]