[{"senderKeyId":1794219814,"senderChainKey":{"iteration":15,"seed":"hgsYcp71WaBP8WNDFYeFNbSssGTaIWgvzoNTJuMTKT4="},"senderSigningKey":{"public":"BRFXT4akuz8H5tBsX8VtvN7nxWvs5BDSvTCp1VveW/Rx"},"senderMessageKeys":[]},{"senderKeyId":1794219814,"senderChainKey":{"iteration":6,"seed":"8Ud9eqoV4i2pkH24CzOv7Rb3mXoAJb3+t8knO3X2p+A="},"senderSigningKey":{"public":"BRFXT4akuz8H5tBsX8VtvN7nxWvs5BDSvTCp1VveW/Rx"},"senderMessageKeys":[]},{"senderKeyId":1573306988,"senderChainKey":{"iteration":13,"seed":"gp1as6mdJZMWYKk8uQJN52TFwQRvX+iBKYyzQWq4/e0="},"senderSigningKey":{"public":"BfdXLxN+H52K/XlNP8+upX+pOkleWo6BP5/Anw2vfK5F"},"senderMessageKeys":[]}]