[{"senderKeyId":522913221,"senderChainKey":{"iteration":31,"seed":"VaJD6dUOkVjLqzC7jXyynzdUD8lpAP3lJjNEPS7grXY="},"senderSigningKey":{"public":"BcmUuHDEQLH3rKbos0f7qsRJyOsYHMM83RrFXoW02E8c"},"senderMessageKeys":[]},{"senderKeyId":522913221,"senderChainKey":{"iteration":1,"seed":"FE0w5EWxYOVup9JSLVeFYjrxhWynp3rhYFCy61H+UQ0="},"senderSigningKey":{"public":"BcmUuHDEQLH3rKbos0f7qsRJyOsYHMM83RrFXoW02E8c"},"senderMessageKeys":[]},{"senderKeyId":795428108,"senderChainKey":{"iteration":7,"seed":"aJ66WSSJxFXkgC9JAsT6Ean24IYEkg5cgIYiz6pSFpQ="},"senderSigningKey":{"public":"BaYKIOr34bkCrdJ1KDTJOa2YKk/387o/PaDgxuETlNgI"},"senderMessageKeys":[]},{"senderKeyId":795428108,"senderChainKey":{"iteration":3,"seed":"nY3OpRbXiuGcJpUka4wZJP5rOq0lcQiCne9vi2nFPjw="},"senderSigningKey":{"public":"BaYKIOr34bkCrdJ1KDTJOa2YKk/387o/PaDgxuETlNgI"},"senderMessageKeys":[]},{"senderKeyId":725463794,"senderChainKey":{"iteration":1,"seed":"Oc7h2SFkWLx9ka+tFsslimt8HtKLwjRfef2/1H8sbpw="},"senderSigningKey":{"public":"BavUSAHmXZY1XOw6E0z4kaB7VgcmieAtyoqCAdVEfk10"},"senderMessageKeys":[]}]