[{"senderKeyId":1672372537,"senderChainKey":{"iteration":1,"seed":"XH6PmtzOxL1WfSDALKZBl8lleusa8peMGY5skbg+jVY="},"senderSigningKey":{"public":"BYD48qB3S3Jt465rPF80wKu986JBmIJJVb6ZnMp/CVAi"},"senderMessageKeys":[]},{"senderKeyId":1391048658,"senderChainKey":{"iteration":11,"seed":"nTZGIdAnNzo29SX4t1GrJjlP/aeM2PA+pC0G3/e97d8="},"senderSigningKey":{"public":"BXushC/Y+xOyADsop+StW3te8Nyow1h2vsb3oeXoJ8sM"},"senderMessageKeys":[]},{"senderKeyId":1537885819,"senderChainKey":{"iteration":1,"seed":"yXbAPDuvwqJB6K4XUwRA2+e6VwlQ3alOZ5nW5ifCMls="},"senderSigningKey":{"public":"Be2P0q5rVZ+VraiUDPzPLAjbsTxbaTlMGVtVNRf+hH5k"},"senderMessageKeys":[]},{"senderKeyId":821034635,"senderChainKey":{"iteration":3,"seed":"Y2xuCiFkvx3Pw9J5o07oluW1b1XlfsxxDw8+/S8byu8="},"senderSigningKey":{"public":"BRb3KXSVTSdfIsiyakIuMIMBC83+c2GECVkKu2kpdEwB"},"senderMessageKeys":[]},{"senderKeyId":821034635,"senderChainKey":{"iteration":1,"seed":"Qgess9kBqiU08n1mzyxJtJE4Ow9Fn2NLP4noUR+Q9zQ="},"senderSigningKey":{"public":"BRb3KXSVTSdfIsiyakIuMIMBC83+c2GECVkKu2kpdEwB"},"senderMessageKeys":[]}]