[{"senderKeyId":1276079748,"senderChainKey":{"iteration":1,"seed":"8wSbAt75iRC5qMizNbOh38ojl4iZyVWpdcSi+q1a/Dk="},"senderSigningKey":{"public":"BZgBwgAHnpWPk7jjnwxBeidwvHYH6oLmPqFItd0XxWEA"},"senderMessageKeys":[]},{"senderKeyId":1808278956,"senderChainKey":{"iteration":10,"seed":"8Pl+d+vXK4ysB9eC9qDSRzEFOnXMlFBaPU47k4ou94Y="},"senderSigningKey":{"public":"Ban5YScoO6047SdmjwEkkHLZSgXrtS97fk/+e4Wo7lV/"},"senderMessageKeys":[]},{"senderKeyId":875604640,"senderChainKey":{"iteration":5,"seed":"xRf4fJ26zALcJLyGbqtV8BT2Ms0YwCuKgi78XBHcnS8="},"senderSigningKey":{"public":"BZP6K4XAbA+z1e96HudQlswtsAAJLvi31uJ6iu6YD5Rs"},"senderMessageKeys":[]},{"senderKeyId":494554021,"senderChainKey":{"iteration":2,"seed":"Y+SO+2s8ilpyEnNZABEENg/XSAe3ccDMiYP6zDiB010="},"senderSigningKey":{"public":"BTsUDnRCUzbqT3fbUeCT99RjADZnvSQA6Aw/k05DAIEa"},"senderMessageKeys":[]},{"senderKeyId":494554021,"senderChainKey":{"iteration":1,"seed":"o3WqGxdKrxhNig8ekQpjDE8QLnegKnZ+s5jKW4aiRDA="},"senderSigningKey":{"public":"BTsUDnRCUzbqT3fbUeCT99RjADZnvSQA6Aw/k05DAIEa"},"senderMessageKeys":[]}]