[{"senderKeyId":645512281,"senderChainKey":{"iteration":5,"seed":"GlaJOUMwerpe5RdDKB+0RvQr093yL8mEiYT+S+SbhlY="},"senderSigningKey":{"public":"BdBsaroNgW6d3LuZVh38WQGELLegZ+3A8LddQ4XjlfoD"},"senderMessageKeys":[]},{"senderKeyId":181068042,"senderChainKey":{"iteration":2,"seed":"ngKLz8tsxz/JwIf19ozPjkz6kSywWf9dPj7+4s/vRdA="},"senderSigningKey":{"public":"BeMwXyvf/8aBVrbkv1xCcbEpEGciN5a9LVkxzfynQjAV"},"senderMessageKeys":[]},{"senderKeyId":1564898150,"senderChainKey":{"iteration":0,"seed":"lb1QaFBwoBW3J35emgOZCG+h1cbpAPRncd9HzsoDmq4="},"senderSigningKey":{"public":"BczhWZWFRbg5/f5p6TP/i3n1OM49fRe6R9Bt6OuLHesE"},"senderMessageKeys":[]},{"senderKeyId":1473235507,"senderChainKey":{"iteration":1,"seed":"VJ81i2p5/vGSXxlLYIMPWEmfzEb2R5gYGZ2OmcwiE5s="},"senderSigningKey":{"public":"BYE2UAgv2b3umaUEvsFk4fRXjL6YFnpJ7Tq6lFd8N+Ah"},"senderMessageKeys":[]},{"senderKeyId":1148634133,"senderChainKey":{"iteration":4,"seed":"lZvyUfMN4wT3fUF7IO6MEVy+P0StXMyf7nS6PznKK+0="},"senderSigningKey":{"public":"BQmxSbpgEtaQkxOuHMd5emk9Q+rsXqOjQDJqG3ocJVUW"},"senderMessageKeys":[]}]