[{"senderKeyId":2011259705,"senderChainKey":{"iteration":0,"seed":"ACjpWZxzsqeCNlI4H95cipfbq+AP68NvKVK3QjOVQjQ="},"senderSigningKey":{"public":"BdDVDvDCodePkT40WUMSxrCAS2tmRpjn7isQF9iOkXVT"},"senderMessageKeys":[]},{"senderKeyId":1873014217,"senderChainKey":{"iteration":1,"seed":"dWfZQk8eju/KvGeodTWffjYnrEkMdqfqdAPG1cHSSwY="},"senderSigningKey":{"public":"BUrB3SmZO+JkkpHwFIwVHrsJwQOpuTnOknpT/GSlDEhM"},"senderMessageKeys":[]},{"senderKeyId":654727499,"senderChainKey":{"iteration":1,"seed":"F+Q6D8yTd/UorPttbXq/4mG/bsfN8Tm4AldkPG9GWng="},"senderSigningKey":{"public":"BRUnmgct+JUZ34v8ngTMJxbCNyJiTUn1U5yZtzsU0DFN"}}]