[{"senderKeyId":824102461,"senderChainKey":{"iteration":1,"seed":"mRg14/UUsxy6nygmROJbz3uK803wFmnqOcAK69aw2CI="},"senderSigningKey":{"public":"BV7BBVmaaUdt0C3Lp8Id2YXvuSfAIcnoVx0He5QjroN+"},"senderMessageKeys":[]},{"senderKeyId":636754668,"senderChainKey":{"iteration":1,"seed":"GGsOzrlxhlf0iMdNqYmOHwsWiaf8f0k/o+ug83jugAA="},"senderSigningKey":{"public":"BYydCdLEfpdkFawhNZX82i3JotMOBNfoLv4p8jZSjIck"},"senderMessageKeys":[]},{"senderKeyId":562678978,"senderChainKey":{"iteration":27,"seed":"6SYjKKTKHvhJZUtBjYUI4v6UDSytmAq+l5LI+v3BEIs="},"senderSigningKey":{"public":"BSdw/zHEn3ImaWXL87V0oln6QOWi5nu3QKyXGZIdE1IZ"},"senderMessageKeys":[]},{"senderKeyId":1487184374,"senderChainKey":{"iteration":15,"seed":"HPU1fHUX7/S+2ExvOEZTOz30lxQQWMs+X8/k00Qclug="},"senderSigningKey":{"public":"BWtH7JsIiUziSB6sVH/ixHBRjlMGNp6XSISLcOzpobNu"},"senderMessageKeys":[]},{"senderKeyId":1487184374,"senderChainKey":{"iteration":4,"seed":"PIGOP6CWVoBSMxwuWztfcqZIbvyQwWJzXf8lDrQjtko="},"senderSigningKey":{"public":"BWtH7JsIiUziSB6sVH/ixHBRjlMGNp6XSISLcOzpobNu"},"senderMessageKeys":[]}]