[{"senderKeyId":825116623,"senderChainKey":{"iteration":3,"seed":"048O6NlKLJqWS+/56smkUuO8XJAL5Wy255xSPebem5o="},"senderSigningKey":{"public":"BYGramCBLQ+HSNwqy4KOFSETew5/wHPlRl4XaFKXj+ZU"},"senderMessageKeys":[]},{"senderKeyId":825116623,"senderChainKey":{"iteration":2,"seed":"tLI7WA+ZlMOtZ4TgCT/ciujbxOwuajl4XipoS/EkBog="},"senderSigningKey":{"public":"BYGramCBLQ+HSNwqy4KOFSETew5/wHPlRl4XaFKXj+ZU"},"senderMessageKeys":[]},{"senderKeyId":383130778,"senderChainKey":{"iteration":1,"seed":"4EH4TjPuGnUxZZgTOrF3ASmlCqf0yS7TFeCpfm0Q4Mg="},"senderSigningKey":{"public":"BcQcp97+KZ3QD9XuMXmQA3+GiPFmlsy6SCFGzFFTTeIN"},"senderMessageKeys":[]},{"senderKeyId":296814642,"senderChainKey":{"iteration":1,"seed":"3mU2eG6eD8aOABIISe0Ai98wJocZpp1tWFd3xvAlB04="},"senderSigningKey":{"public":"BYhgTGRCUsFdUPMwxgyOdfeTZw5l2OgEPuf42ZWfZNMz"},"senderMessageKeys":[]},{"senderKeyId":335605190,"senderChainKey":{"iteration":9,"seed":"kz/Vzc03lFzVIy64BfDsrVnCm/QXXTOZn9o7nDQ3/gM="},"senderSigningKey":{"public":"BRIN7ak2HxhrgIBrQwK9B5fU1codss0vH66H+wphPa0G"},"senderMessageKeys":[]}]