[{"senderKeyId":935313797,"senderChainKey":{"iteration":2,"seed":"KOJYO9diiabMBnUvpUvTXj0Z5V9bkAAihwLFWcsJYrM="},"senderSigningKey":{"public":"BaSJ9MuYCre95b+1/KdatUG4oHo96f/MVIx5rYtZQvYW"},"senderMessageKeys":[]},{"senderKeyId":1987743384,"senderChainKey":{"iteration":1,"seed":"7XnKp7CXCRKSHiXebzzCzYKsck0vJpkYzJtB8+S9TS8="},"senderSigningKey":{"public":"Be9Xef2B1EDvGOqxLF8tEe8rmPpJllr/2o7hDxnHxCtB"},"senderMessageKeys":[]},{"senderKeyId":1455436260,"senderChainKey":{"iteration":0,"seed":"5JRwBnHgGkyGyIaV/WsB1X2HFviMvyzszukYa1ebVvA="},"senderSigningKey":{"public":"BSWmA9wAMSmKoJrzGF/4n+FBiQ25hLL9bfmZkHRTAkNO"}}]