[{"senderKeyId":274051047,"senderChainKey":{"iteration":16,"seed":"Mw3+eXWcFg1ffJr41oDUOhE0HHZv4ia+swqU0jpLNj8="},"senderSigningKey":{"public":"BY48IOwEUoIKg21wrEJTiWkicM4ov5tNV+OcVy5uWqVm"},"senderMessageKeys":[]},{"senderKeyId":274051047,"senderChainKey":{"iteration":1,"seed":"Q9WRwhdjvXiZyllypZ+t/yzMT5083lV58AQ3d0Glk/M="},"senderSigningKey":{"public":"BY48IOwEUoIKg21wrEJTiWkicM4ov5tNV+OcVy5uWqVm"},"senderMessageKeys":[]},{"senderKeyId":411689214,"senderChainKey":{"iteration":1,"seed":"80/cTHwJP3R+3E5i5tqHf0sGE/xB/+EPu5TpTnAFHHU="},"senderSigningKey":{"public":"BfuIpR8kvMWCjXvYMLhUnC4+Mgukx809YWaZHDkojLcE"},"senderMessageKeys":[]},{"senderKeyId":329461362,"senderChainKey":{"iteration":1,"seed":"9L7lKHvTlqbBdWatl/Zc+e9SGQHM0dePdXviRgR/zNg="},"senderSigningKey":{"public":"BcYlmkmx47C8+h0l9gw7L4SVc54gV3UgYaDrilUIr3Na"},"senderMessageKeys":[]},{"senderKeyId":1295803447,"senderChainKey":{"iteration":6,"seed":"RrV9YB+smeqkERoTB5d59+TfNUiI6mVn9Ak6UVFxYcc="},"senderSigningKey":{"public":"BXLgQt0S/2krhLUsG+nNrUyI/0hRHYeaHHZLulj0kPJ5"},"senderMessageKeys":[]}]