[{"senderKeyId":1750090444,"senderChainKey":{"iteration":32,"seed":"OGzBiZU9yGGjPdAZTKMj9j/zQUTRVtZMRullvWYIbuI="},"senderSigningKey":{"public":"BZTdAHPexxqS6OucCsCIdgxyJnI0v/vDjzlZzhnpNrUs"},"senderMessageKeys":[]},{"senderKeyId":674784526,"senderChainKey":{"iteration":60,"seed":"t1IKpwlEY/59NfMNF9ZfT7irIoMXTLhwaEEHpYvZa8Q="},"senderSigningKey":{"public":"BZ0Nab3wY3trXkZWZNGLr3VraW97LbKWHJiuwomN6P0q"},"senderMessageKeys":[]},{"senderKeyId":674784526,"senderChainKey":{"iteration":17,"seed":"erZtL/fcYoQ5RlZutGzSQ9adPvGDTj7sVC+CMQ3Q0XA="},"senderSigningKey":{"public":"BZ0Nab3wY3trXkZWZNGLr3VraW97LbKWHJiuwomN6P0q"},"senderMessageKeys":[]},{"senderKeyId":1561918246,"senderChainKey":{"iteration":1,"seed":"37n0kXGepc69tRH8RM/czo8ukHMi8nNlNmyfSi1OVk8="},"senderSigningKey":{"public":"BbvrV3AQdwfVtFCJ3lF0gED6AWaUFBT4d/NrinQ+3FJV"},"senderMessageKeys":[]},{"senderKeyId":928166505,"senderChainKey":{"iteration":5,"seed":"SXO2nyWOsy8rkQiy4veTeP9qAvCkKSOQQRNqBAn+rdI="},"senderSigningKey":{"public":"BWS4YzSQpYayPZsLFoWQ3mXso360UzmHn7i6Vac16i4Q"},"senderMessageKeys":[]}]