[{"senderKeyId":2099469857,"senderChainKey":{"iteration":7,"seed":"OvjgHyW5Z1bvdgwGuAnwLtyJcJCZYGIis15csZElPnc="},"senderSigningKey":{"public":"BU4Zj15yRoz7bkc1BssZ8qkkDAbQA5BJnVcCX0qA5DMf"},"senderMessageKeys":[]},{"senderKeyId":35948334,"senderChainKey":{"iteration":3,"seed":"7PZFV4vBnyOGcP4+hrcjArjajA2yxms25UJJGf1Snds="},"senderSigningKey":{"public":"BX0h4AkZpnlHiPwlIkOSH6r/5AbjIDKpDZraRK7Kf2ho"},"senderMessageKeys":[]},{"senderKeyId":35948334,"senderChainKey":{"iteration":2,"seed":"AoAY/55d13mO1g1JZJHG40OQOTkHJw30O0pRrc5XG+Q="},"senderSigningKey":{"public":"BX0h4AkZpnlHiPwlIkOSH6r/5AbjIDKpDZraRK7Kf2ho"},"senderMessageKeys":[]},{"senderKeyId":1732028253,"senderChainKey":{"iteration":1,"seed":"2zcyMJBsOtY+tgdXXZdjC2xdiUE8SUJ0bZPVzWp3lXM="},"senderSigningKey":{"public":"Bfr4FTSej8rBkLN/mcwceAkKszbZIAtlf63hlWHTz5lg"},"senderMessageKeys":[]},{"senderKeyId":1327417564,"senderChainKey":{"iteration":1,"seed":"wuWJ8u52/67glYwfi3mFASyyMA0NbI6o6UuQfkAvluo="},"senderSigningKey":{"public":"BTu5UCWlFvNRQCdqccJ3ZJe+XvKlrh9z9GYRYe7eEoA4"},"senderMessageKeys":[]}]