[{"senderKeyId":317283608,"senderChainKey":{"iteration":24,"seed":"NDSPWaDyfKQO2qSoBMMsGbXlmJhGvN6NReECOagrarg="},"senderSigningKey":{"public":"BR07adlNREOeQP6yeeeaxZYVUno08dAGUDpCcdDHrtph"},"senderMessageKeys":[]},{"senderKeyId":317283608,"senderChainKey":{"iteration":14,"seed":"nay5IBWF3nHmoBhe1MdQKkjzVGmG27yVoDx7bIwBfXQ="},"senderSigningKey":{"public":"BR07adlNREOeQP6yeeeaxZYVUno08dAGUDpCcdDHrtph"},"senderMessageKeys":[]},{"senderKeyId":317283608,"senderChainKey":{"iteration":19,"seed":"s9Ai5P0vkQfS0JYHWWEhqKGZSIkeMiH2kMexpjzdAUE="},"senderSigningKey":{"public":"BR07adlNREOeQP6yeeeaxZYVUno08dAGUDpCcdDHrtph"},"senderMessageKeys":[]},{"senderKeyId":1901746482,"senderChainKey":{"iteration":5,"seed":"9mhRnaEdcNFIhml5O8zry1f2HovNZZufR5RPNCOebLA="},"senderSigningKey":{"public":"BRe2728H5WRIiNsTxCfMH/rzv6DNisfLtKuYF3Rk6C4C"},"senderMessageKeys":[]},{"senderKeyId":1901746482,"senderChainKey":{"iteration":1,"seed":"1qIxkCJKWjA+y8wCNRcuSF0Qf7qO6U9lhGrhkwdLeUY="},"senderSigningKey":{"public":"BRe2728H5WRIiNsTxCfMH/rzv6DNisfLtKuYF3Rk6C4C"},"senderMessageKeys":[]}]