[{"senderKeyId":21308436,"senderChainKey":{"iteration":0,"seed":"EzWm89V4JRjQdXYZKMxf7quRL1zrm4pFW6eVeDz5gw4="},"senderSigningKey":{"public":"BSlJ9gHODvvhLv3nClZUDSrpNV/LcTeWrtWeO+aUOi4R"},"senderMessageKeys":[]},{"senderKeyId":763136573,"senderChainKey":{"iteration":1,"seed":"PaP2pdd1jfrX45UeU8yiYMhprMPo89Th3xC5ccQh1WU="},"senderSigningKey":{"public":"BV8eCRzFDR+1qUBgV0qDR/bhVEU8XZNaieL4LqhOytAK"},"senderMessageKeys":[]},{"senderKeyId":544240529,"senderChainKey":{"iteration":2,"seed":"/hfK8u7qZ4wfpZCjQtVfk+cWZWZyY4jRJWFAn6Ow0dM="},"senderSigningKey":{"public":"BaQ8k/kxsEvErjA/TAeGbC+NerMvWwFIpNd4sUDANm1a"},"senderMessageKeys":[]},{"senderKeyId":60340237,"senderChainKey":{"iteration":1,"seed":"LOwmgqBZp5orrnIzwwGsjSWlvItCGARS1vyFSu8LvNc="},"senderSigningKey":{"public":"Bd7qzOih8npqWtEBgU5/vl09ui4NgC4rTNUSLg6jgBI2"},"senderMessageKeys":[]},{"senderKeyId":394304722,"senderChainKey":{"iteration":2,"seed":"/+hnQShj3s2ZN/4X2neo77xmQrqTrUO7zJu154NKnX8="},"senderSigningKey":{"public":"Bd/SG/FFeEaL5scEbxabbobMxpxzQnf5hbVHuONdLg1v"},"senderMessageKeys":[]}]