[{"senderKeyId":290265124,"senderChainKey":{"iteration":5,"seed":"knOz3YLV9m3+KJDjhKV7ZNW6VPW2QkVLldSuapM8YW0="},"senderSigningKey":{"public":"BYrp1Q9VwDlLWlZ/G9B0v/CsKIOXZJiniL8dkGkiq9JA"},"senderMessageKeys":[]},{"senderKeyId":1371611847,"senderChainKey":{"iteration":10,"seed":"EjO/KbL6zFhT+KLSOOt+jr0t7JuVnLldWklaKShbhfs="},"senderSigningKey":{"public":"BfbBe3tDtXMi3ZsKEjWa5cD6vrGvBPiCbmfVIqlPrplu"},"senderMessageKeys":[]},{"senderKeyId":643621467,"senderChainKey":{"iteration":25,"seed":"eY9oq4iesk9QSfYNPcQqmXH2r6eLVHBZZvXFU1pRqL0="},"senderSigningKey":{"public":"BVhcMWlH3ko7i1gp11AowFb8/PASM/u9tI4OUewfLeJR"},"senderMessageKeys":[]},{"senderKeyId":1650413675,"senderChainKey":{"iteration":1,"seed":"TyKlkFPMttrEgjpKtiIGoKaJcjPhvi+RJfaJb3QlvUE="},"senderSigningKey":{"public":"BSG3yG5qlKPKQ9y+b17VoiM+Ho7vEYUmaaNStJC4CCwU"},"senderMessageKeys":[]},{"senderKeyId":892273300,"senderChainKey":{"iteration":5,"seed":"RRjxGf5kj0chWjHdtwqMyf8IJ6sXTok9OopQSi/6igs="},"senderSigningKey":{"public":"BdvV6oUTCYzhQdMoKbC/DjhjZjIerbfwYQjM1D0bY1Ex"},"senderMessageKeys":[]}]