[{"senderKeyId":969423579,"senderChainKey":{"iteration":0,"seed":"x39C494Vw9262S35Lw+lV+VbgOnez6JkmNVUfovu9Ss="},"senderSigningKey":{"public":"BaUwiKew1VYBpd6dEZjinCI1m7mZ3srRkxUKvvEvKCAX"},"senderMessageKeys":[]},{"senderKeyId":1107710433,"senderChainKey":{"iteration":3,"seed":"DP2DD5X4PwYYlYmsD8q61dDPT5ii6+eaEdv3Z5pIM9o="},"senderSigningKey":{"public":"BXl+wEGbNHJR87o/m0WyclZWJEwsGnbu1w6LsklZS0cS"},"senderMessageKeys":[]},{"senderKeyId":182381892,"senderChainKey":{"iteration":24,"seed":"/voj1aKDJDbimllZIbdOihO33ubuFurTqqF44wAEJgI="},"senderSigningKey":{"public":"BX8n2k53rvVKRrtHCALZDeT/5JxqI/CS/as9Rrl95Y8A"},"senderMessageKeys":[]},{"senderKeyId":680679969,"senderChainKey":{"iteration":1,"seed":"e+D/K77u74lO4v4YfUN+oDDa3OmVMJDYRW/8LeYKkWo="},"senderSigningKey":{"public":"BVm2CVv1LYYx8S2HALmtayVPyrna0PfN9K+Q3YmOt91V"},"senderMessageKeys":[]},{"senderKeyId":1328046056,"senderChainKey":{"iteration":2,"seed":"xCq/6ehlZd1LVcblg+MQHG5P1lgoD7fpAwnkE8eLh6Q="},"senderSigningKey":{"public":"BVZfv/m1SqHSHckvFniVpzpvkKiS5qxEwFB88mQ56Rdc"},"senderMessageKeys":[]}]