[{"senderKeyId":196142013,"senderChainKey":{"iteration":1,"seed":"YXFiaUrlIaGlj/WrSlrf01xBQVSa0Jgg/s7TvQA2A7s="},"senderSigningKey":{"public":"BTW37hptO1QbYvJYckUMViqI7P2KBGjrPZospnFH8Y0b"},"senderMessageKeys":[]},{"senderKeyId":651387257,"senderChainKey":{"iteration":38,"seed":"Fs1dNDPXqv/dQuBnvpKB9nU9YqWlkq9/4snUb//YUuk="},"senderSigningKey":{"public":"BWeT9eXrzjAaRfYlCqlMQkn2ayzZNrsD+u5JCZ7VyZA4"},"senderMessageKeys":[]},{"senderKeyId":651387257,"senderChainKey":{"iteration":0,"seed":"cnLxdvmlP4mDdrAIxjH/Yr5Nhd6DpWmsMADJ07hHs6I="},"senderSigningKey":{"public":"BWeT9eXrzjAaRfYlCqlMQkn2ayzZNrsD+u5JCZ7VyZA4"},"senderMessageKeys":[]},{"senderKeyId":1865163525,"senderChainKey":{"iteration":1,"seed":"FvDNj9/0FZaC26hhlIR1ByOJ2L9/IWedc0jsLlvE7IA="},"senderSigningKey":{"public":"BdaMA6aGzpzRvy4Eiucl9XODZWiwXQUUOdx3Vj7on9M6"},"senderMessageKeys":[]},{"senderKeyId":1945977934,"senderChainKey":{"iteration":3,"seed":"P/nWdVBIXyEJ8+IAIikM2ToYoDr1mU9oBY8LKA8Cqd4="},"senderSigningKey":{"public":"BUQnjTNy//za8e+3JrBJlwrtfmFpXON+AAzLnZGC/GgG"},"senderMessageKeys":[]}]