[{"senderKeyId":1835678887,"senderChainKey":{"iteration":2,"seed":"PywNnbuMiOW4pkliPbvszeQI/ibhI347ocw6Hf1eLy0="},"senderSigningKey":{"public":"BTi7wSDA/8HUU2oLz0sIdLYccst+MPskWdlXynuaCTJk"},"senderMessageKeys":[]},{"senderKeyId":1835678887,"senderChainKey":{"iteration":1,"seed":"8wMm7f9XWE1aZ36lfo1HVMmjaQxupj3gyHjZxsBxaT4="},"senderSigningKey":{"public":"BTi7wSDA/8HUU2oLz0sIdLYccst+MPskWdlXynuaCTJk"},"senderMessageKeys":[]},{"senderKeyId":340320995,"senderChainKey":{"iteration":1,"seed":"67Vs4OnZVwThNdVCaM5ZSHEb0AV6un2P+L4nCL9hOgc="},"senderSigningKey":{"public":"BSkw3U5fJJYFVXoAjVa+Y2ooxD3RBQwafh/GNlacyPsF"},"senderMessageKeys":[]},{"senderKeyId":439480291,"senderChainKey":{"iteration":60,"seed":"o/aBFI+slnkgjh8V2t8Mt1NUQ7XZ5SDvfWEYf8MlpSE="},"senderSigningKey":{"public":"BST9JrtxRm90pBiP5vvkSLajgosR2StSji/ilBa9OvZi"},"senderMessageKeys":[]},{"senderKeyId":439480291,"senderChainKey":{"iteration":1,"seed":"Z/WX2PDv41VHQK5kmjhM6syoJ80BonyDBmpH0O7FzmE="},"senderSigningKey":{"public":"BST9JrtxRm90pBiP5vvkSLajgosR2StSji/ilBa9OvZi"},"senderMessageKeys":[]}]