[{"senderKeyId":1756982900,"senderChainKey":{"iteration":3,"seed":"Xy1zKOgSRIxTUVdTL76w0vBWKoqFE4xxynbJc4/COZw="},"senderSigningKey":{"public":"BXXY+sx5mBCWZkThgtCIX7w5qpo3X6h+WlYer3X438wz"},"senderMessageKeys":[]},{"senderKeyId":1242603535,"senderChainKey":{"iteration":4,"seed":"skonXoCPky7G3/eIc73HkZMQ7gjbyD3FswEsqgTq4oc="},"senderSigningKey":{"public":"BR7Ii5leRwTLz+xzsjoX4T0fk5OeBqVZb+m26DVvZX5S"},"senderMessageKeys":[]},{"senderKeyId":2010035651,"senderChainKey":{"iteration":2,"seed":"kK0F5VnGmNPWn7dV7rwuxm7Y4yRmtVPBmNzoVuG1Su0="},"senderSigningKey":{"public":"BV5z79VMg6yZD3YcE7z3v2dU1EENXSPldKxrcFOwmXZ+"},"senderMessageKeys":[]},{"senderKeyId":2010035651,"senderChainKey":{"iteration":1,"seed":"k1F0P/WDVNrWUOQGCEVu2xvo5DX1WwZxd5fipTpr8MA="},"senderSigningKey":{"public":"BV5z79VMg6yZD3YcE7z3v2dU1EENXSPldKxrcFOwmXZ+"},"senderMessageKeys":[]},{"senderKeyId":880799753,"senderChainKey":{"iteration":2,"seed":"xGy5fnZakF2Me7w5ZQgw8FWI67kg20WFZmdqAHlhONI="},"senderSigningKey":{"public":"Ba9WLRIUtGGIi9Oqsl7PTggctv+zXTZWfx1WEFcJ081I"},"senderMessageKeys":[]}]