[{"senderKeyId":1502225779,"senderChainKey":{"iteration":0,"seed":"zGQqKER4tr8Bf1rzDXOKS6F5MKtJnLkAZ4+ywRrVPG8="},"senderSigningKey":{"public":"BepXuf7icis4p4rp0N2agarPI1LABbYLBNqwmo4VUr4J"},"senderMessageKeys":[]},{"senderKeyId":1042597339,"senderChainKey":{"iteration":0,"seed":"fyxTSgf/vvy+pBoa/3SDM4upjZlEqdSiNEPFr0VikH0="},"senderSigningKey":{"public":"BTlsHG43QSDjRDb41BZio1d7IXQw3mdtL1Y+rLFyfrwy"},"senderMessageKeys":[]},{"senderKeyId":1151391133,"senderChainKey":{"iteration":1,"seed":"gRRx6CfPdjGPPnJ77n5aMmqIIfphP4EN7iSAv9rFzr4="},"senderSigningKey":{"public":"BSzEG3tlIv3xJ66ziHQpWBBmtM2vwrwLl1RxlYi0izAu"},"senderMessageKeys":[]},{"senderKeyId":1913859493,"senderChainKey":{"iteration":1,"seed":"TivhGExV+I5ZNncorJwJjFuk3rrTgUeGt7f2wj8gVls="},"senderSigningKey":{"public":"BcEqN+FKZvIiAa7Soti1uUO1zI7/DonWsdUfMqJbRtwW"},"senderMessageKeys":[]},{"senderKeyId":1285600463,"senderChainKey":{"iteration":1,"seed":"NS0aRJDPBPnHxGjbcHHz+K5to1+106L1XIl6+0R8Dos="},"senderSigningKey":{"public":"BRjTaGz6+4DrVHelH1ikSkeMeU90BLjWQo7jxlCFDSIF"},"senderMessageKeys":[]}]