[{"senderKeyId":1036300412,"senderChainKey":{"iteration":3,"seed":"W+UhURrWH3J1h7SeSD5rMk27GOMmqENa5oxp1ADZP4A="},"senderSigningKey":{"public":"BT4jv/qC6UHD4LSNu5SZRfgTu67VFcpsGkhqFqk0XldZ"},"senderMessageKeys":[]},{"senderKeyId":1794645815,"senderChainKey":{"iteration":59,"seed":"CCfH1zf/DwWxSOIhqQQnumK1NcQ3mplvTChxL+IZ5xM="},"senderSigningKey":{"public":"BW/gYN6fK2iyAIiGDWS554JzESv+R+5VDYreoMUv9T9m"},"senderMessageKeys":[]},{"senderKeyId":1061919915,"senderChainKey":{"iteration":5,"seed":"HfXmB6LLitcemNamFfC9tLAfNwi6N6vu/OtxKGgqsUI="},"senderSigningKey":{"public":"BVATTnQ8J0wGHKCbtQ3T+xVEe3B+5AvEEHk/pMyGLsEY"},"senderMessageKeys":[]},{"senderKeyId":1061919915,"senderChainKey":{"iteration":4,"seed":"grtkjX4vAfTqwEK9FcELfvh8xiG1JX8alFt9OKzy4kw="},"senderSigningKey":{"public":"BVATTnQ8J0wGHKCbtQ3T+xVEe3B+5AvEEHk/pMyGLsEY"},"senderMessageKeys":[]},{"senderKeyId":534426433,"senderChainKey":{"iteration":3,"seed":"6jRrQBrdgFkK/xdY83/W0N6sdktsdN97PERjq4QbkZ4="},"senderSigningKey":{"public":"BSXcwwhsYnyfg08uMcQsYT5GCSFQxi1Y69j0mQY4GExm"},"senderMessageKeys":[]}]