[{"senderKeyId":1680269118,"senderChainKey":{"iteration":3,"seed":"HIVM7YIDj/whMhbXMhZ2Vj6htGTYg7UZ56itzNc8On8="},"senderSigningKey":{"public":"BftsO/DNHgixL1BQ/TD8H5yrf0CR/NucPLEVW8ULSMtl"},"senderMessageKeys":[]},{"senderKeyId":488232813,"senderChainKey":{"iteration":1,"seed":"8LvTHUiii3kAj+0en5/hdZaH8alOAKfbaGOUaRrNyCg="},"senderSigningKey":{"public":"BTKGIzjYGSGcOMhK/qOGSDv70LZz85bAF2s+SzcxwJBj"},"senderMessageKeys":[]},{"senderKeyId":1873783204,"senderChainKey":{"iteration":2,"seed":"UJcSkJzggSxkAefmbu0aoS7ZjMkLn6ad0r9yb+Zmauw="},"senderSigningKey":{"public":"BWObAmeaa/5uVMO3lQKWLbAHpODSUfg8s3W/GaU4UAtq"},"senderMessageKeys":[]},{"senderKeyId":65931962,"senderChainKey":{"iteration":2,"seed":"PUJdDI9K1IUKJ2w4KD3VqrwhbN/XlRCKE69Zpbmd2zE="},"senderSigningKey":{"public":"BRUPoSxk0Dl9Ey9PovCL4ww3m//rIMszWCqiWeWQWOwW"},"senderMessageKeys":[]},{"senderKeyId":497758252,"senderChainKey":{"iteration":1,"seed":"DZvDq+BcWIFfrwBOLYV7VQmkE50JXDNAYdvlnxxRV2g="},"senderSigningKey":{"public":"BRCZS3NAjJk1yhYjgs3LW2+Etw4YNG/ozYCkac1tKHMO"},"senderMessageKeys":[]}]