[{"senderKeyId":909085101,"senderChainKey":{"iteration":26,"seed":"UzudYPAv9MlLcc1E/x9Kr5/E1XUK+Mbrkrkpc/kjPVU="},"senderSigningKey":{"public":"BbdBCKFWsM7eaAGHbjjKdVAPg+PYJEE3TP4qA9MagX8s"},"senderMessageKeys":[]},{"senderKeyId":655108410,"senderChainKey":{"iteration":1,"seed":"QOA2GIn75Q8wml41dLkELvokQ6ez58KzUaOr9EwaQIU="},"senderSigningKey":{"public":"BVSfLOybqsuzkToGnkdo7sWBKfbtG/WmXr/8gzBFPK0G"},"senderMessageKeys":[]},{"senderKeyId":510375191,"senderChainKey":{"iteration":2,"seed":"Nevz57Ur+e+fUqH0c+9Uo2lpyTVq+N58XVHJLYbGgEU="},"senderSigningKey":{"public":"BQpKcTFPZXXqlzcl6a2b8NFCkU+UaMTYkk+amG6Y+qc2"},"senderMessageKeys":[]},{"senderKeyId":224876258,"senderChainKey":{"iteration":6,"seed":"iSzx63AKMjXeeMsGAZYY3eOXP2/jAxC1os9A5dZgXKg="},"senderSigningKey":{"public":"BTW0NS1L7XvVQ7cCOdipDH2Qra2BsrZW5xI/uMuuBbtK"},"senderMessageKeys":[]},{"senderKeyId":1044683244,"senderChainKey":{"iteration":3,"seed":"EWVGgmkLwJSJF/PWJrmp2YBFmwHm012D3JlpJiseVVU="},"senderSigningKey":{"public":"BRuILMCDY3IFW/FJ7jSTK393QA1D9vOWbdJfmdWfY80R"},"senderMessageKeys":[]}]