[{"senderKeyId":1677188297,"senderChainKey":{"iteration":1,"seed":"kJUSsdJgONBMCrZJ0dx/ahTeVmGABJMcZqMc1mz/2ns="},"senderSigningKey":{"public":"BflUCCizm38KxbobyBDzpODdnUe6kP+I2Tytjw0KoRAO"},"senderMessageKeys":[]},{"senderKeyId":977699718,"senderChainKey":{"iteration":2,"seed":"H12KevdpSYS0WpHIr7sjtaV00HWO2PmbYp+6hnQ0RUc="},"senderSigningKey":{"public":"BRrLeAF3JG1AoGX1sPRhQnT2JN0tRX5Fj9PXgWrMfnEd"},"senderMessageKeys":[]},{"senderKeyId":977699718,"senderChainKey":{"iteration":1,"seed":"yHUZ8K/2Pz2pc3u5ZMNu21X6kwmKwLTTO/Iq84YVGJY="},"senderSigningKey":{"public":"BRrLeAF3JG1AoGX1sPRhQnT2JN0tRX5Fj9PXgWrMfnEd"},"senderMessageKeys":[]},{"senderKeyId":1130483558,"senderChainKey":{"iteration":1,"seed":"92Nx6ynVtXcb8KoCK5uPYpXmYLmImjIRXKp3CZ1BwP0="},"senderSigningKey":{"public":"BcH3y2kvK+7PuwkmAn+TqSQ1LKAMSrkrKjZ79lOjv1xX"},"senderMessageKeys":[]},{"senderKeyId":2141596068,"senderChainKey":{"iteration":1,"seed":"QiENBsEI1d9TeC0IQ1M32uJy8TRriyLviYL3MXahEss="},"senderSigningKey":{"public":"BUFRMgcUyX+EouZiJGdqYbiN4msFoGC3bajFwHnjdM45"},"senderMessageKeys":[]}]