[{"senderKeyId":298274606,"senderChainKey":{"iteration":3,"seed":"BRxabrk96WuUuEeGo8LUmo+VCKfKa05rvOUn5xvLfQY="},"senderSigningKey":{"public":"BeFqovkWgYolEube9PjZBpM1l99eIFfJPKCcgrcuoW1x"},"senderMessageKeys":[]},{"senderKeyId":1547936371,"senderChainKey":{"iteration":17,"seed":"kIGu/fM8yUyP6MO3GxAhQu0ZbjQ9H2LEKewmq9QZpWA="},"senderSigningKey":{"public":"BS2blUqxKqHnJ93ae/GGKw2jms0N9jRHBOgSwyat/fBX"},"senderMessageKeys":[]},{"senderKeyId":112303050,"senderChainKey":{"iteration":1,"seed":"TwTt6i3hXxHKOs4QE2F+rsYYpeqKndoj5mau/zjPvhs="},"senderSigningKey":{"public":"BcySy1Ee3zk9N2Rk2TDT2MPlVsy6rWQhMaoHHuFmnTlF"},"senderMessageKeys":[]},{"senderKeyId":920481400,"senderChainKey":{"iteration":4,"seed":"f476AcZGoXA0kSpes1t85o74D1wOAMxnb+95K8lKJvc="},"senderSigningKey":{"public":"BUVM5MeQxY5Sn+Ld4XYB4RTPFayeavCYmB3m+jYEKMBr"},"senderMessageKeys":[]},{"senderKeyId":300754115,"senderChainKey":{"iteration":2,"seed":"mz+phJEL/Bhy7hyP4ipqKr5Zz0tC+SX9tdZffsHtELE="},"senderSigningKey":{"public":"BXWMRVUiGWhxGQPpyOfm6s+SBjoCNkswS+qEGzHhCs4S"},"senderMessageKeys":[]}]