[{"senderKeyId":1167145852,"senderChainKey":{"iteration":1,"seed":"J+ih1JJ30M3eN90ljjmf4Go8GoRH8uQGdIOU0nkmIkY="},"senderSigningKey":{"public":"BU+3314yeP/juXcltEl4M2DVHQfWdj4ZqRKBeKLsDHsX"},"senderMessageKeys":[]},{"senderKeyId":1513402801,"senderChainKey":{"iteration":6,"seed":"xHv0HFlvxl2TyGz/7raE68ooqRis91vDNsyLDLwZznw="},"senderSigningKey":{"public":"BUWrs0oLa47pzhcEil//gf0xv+HxMYMr0FOlouhpc4kC"},"senderMessageKeys":[]},{"senderKeyId":1490648746,"senderChainKey":{"iteration":1,"seed":"r4PNmmPiTrdCKzEaQKyiyZFsUjqx05hrhnbDojdflBc="},"senderSigningKey":{"public":"BX6CYZl6nrUiebLMVPTi5fw2uuprcnkk2+Hq7hVfaoRw"},"senderMessageKeys":[]},{"senderKeyId":876634860,"senderChainKey":{"iteration":1,"seed":"c55hmAoGoVCOP897fkYlB43UAsy7QeqDAI0j2QBcyxQ="},"senderSigningKey":{"public":"BVLzSgZ4ulMg7dUUhZ+jDR+D5EjiiLRtxsrw4NBiyjsh"},"senderMessageKeys":[]},{"senderKeyId":261827791,"senderChainKey":{"iteration":4,"seed":"MPYj6lgjBnW6yvBmL+2OaIp6EjHJMeN9WehMjK3CP2k="},"senderSigningKey":{"public":"Bd6fuAKpt0FKkKh/OpTkN7a7Gx2WRC6oo8aIFLNH1KoK"},"senderMessageKeys":[]}]