[{"senderKeyId":339192022,"senderChainKey":{"iteration":1,"seed":"tBbcN2udnERxJnS9bx5G0RMFeKJ1KZrA3+tgpeScE/8="},"senderSigningKey":{"public":"BZorrCpIsV9zxFcSLAm69kkDHCHRdhMuDM+Ou3z58Qxo"},"senderMessageKeys":[]},{"senderKeyId":1148189942,"senderChainKey":{"iteration":1,"seed":"aeCygRF393JbQqT4EyJz5TmUIEY3Izas5yhQtsls2OU="},"senderSigningKey":{"public":"Ba7rdt7oLxYgevxxBhD33RVsmA6JiheweHfeHZhxuzFj"},"senderMessageKeys":[]},{"senderKeyId":414315765,"senderChainKey":{"iteration":2,"seed":"egh/cq6jCBNGUTUi/y3fK5l66WnVDuJYJcdL/hZZBAc="},"senderSigningKey":{"public":"BfpMhSbnHQo5cq2lujJL+Gc6H4nTsd0Ic1zgviEwoPdZ"},"senderMessageKeys":[]},{"senderKeyId":477805957,"senderChainKey":{"iteration":1,"seed":"UJpxpgZVjOMWfWAgoJZyP/PykLJpl11jzajBr34k24k="},"senderSigningKey":{"public":"BeSGpaanSCJyKIDP04ox6j/Vk3t4q7sz6OdNWJ6qOhAh"},"senderMessageKeys":[]},{"senderKeyId":1273284748,"senderChainKey":{"iteration":1,"seed":"QDh0VP7szWYaj+dEj/29byvns8R0YrJwxhYj5EjPdfg="},"senderSigningKey":{"public":"BeIgReUJVy5YmgZ90O/BXG7GGwDX6m9BejSwaZAwwTVb"},"senderMessageKeys":[]}]