[{"senderKeyId":835986447,"senderChainKey":{"iteration":2,"seed":"1e5aDKO/UAqcMXv4ths5x0+OOpyiEqRtgzc9YB5l/OA="},"senderSigningKey":{"public":"BVoU5yXW1VIxTK3fxXotGbp3AkpVcDYCIcfPCzS/TEFY"},"senderMessageKeys":[]},{"senderKeyId":835986447,"senderChainKey":{"iteration":1,"seed":"IoPbwVTzoP10sEUgBq+4XY6S7sWXeNVOZmEQv57M0qw="},"senderSigningKey":{"public":"BVoU5yXW1VIxTK3fxXotGbp3AkpVcDYCIcfPCzS/TEFY"},"senderMessageKeys":[]},{"senderKeyId":1764159966,"senderChainKey":{"iteration":4,"seed":"63KAGWwntzpAe5/tCGKeM9XrLE1uqfejBn/HvJzE344="},"senderSigningKey":{"public":"BSWcumzy9yCRF9dPLpYksrUiYfosBmzGMeY/agT8z4Al"},"senderMessageKeys":[]},{"senderKeyId":1834814930,"senderChainKey":{"iteration":3,"seed":"73I0Sy3rovOTt036vSKI82F8P6hSws4NkPdosOOJhoU="},"senderSigningKey":{"public":"BbD8ZhbJjoS4TyyMFM7a8GAEBuWmO3MEP08llqRtq+BX"},"senderMessageKeys":[]},{"senderKeyId":1834814930,"senderChainKey":{"iteration":1,"seed":"AZtH2ibxoDQ2TBqwLjAFEFsakW3fY8i8q8+9tO+xxR8="},"senderSigningKey":{"public":"BbD8ZhbJjoS4TyyMFM7a8GAEBuWmO3MEP08llqRtq+BX"},"senderMessageKeys":[]}]