[{"senderKeyId":1051223570,"senderChainKey":{"iteration":2,"seed":"M1oYS/7wMJm+Genp+uzoJhWKvTOMXGlLnpFFWQusKxY="},"senderSigningKey":{"public":"BReQPujcO9emBlaA/a/SFzgiuxxXGpi6Gi5jiaaHeg0K"},"senderMessageKeys":[]},{"senderKeyId":1452296681,"senderChainKey":{"iteration":0,"seed":"WbVxU8n4x48ol48tD4egcATAr2Y+cElgCngxK26xaBs="},"senderSigningKey":{"public":"BY0d7ata9CCBizB8haNjJ0I+dseoDyIDVl5qwvUAizop"},"senderMessageKeys":[]},{"senderKeyId":397682687,"senderChainKey":{"iteration":0,"seed":"JF+POS43j8jnay2TQXP6QoBiZIXu+Vb4RkCaQ/AgZHI="},"senderSigningKey":{"public":"BaXJsu7PN6aLlalSiMEcafmTRwJKIji9iwgKB2JjVK9H"},"senderMessageKeys":[]},{"senderKeyId":2082132039,"senderChainKey":{"iteration":1,"seed":"fnfGGoSrW7P/Wnmc9OSr6kuKX5NFMa9UcVdzUQj75us="},"senderSigningKey":{"public":"Ba4AvyOIONmPBO5OwTwSpb9H0uDzLfEdjl78Gv8d0Ton"},"senderMessageKeys":[]},{"senderKeyId":811089290,"senderChainKey":{"iteration":1,"seed":"zK40EQQWxTmRx16eegxOa9myKdnxsfSYXwTV7RWJFII="},"senderSigningKey":{"public":"BX3xoWzkxUwo6GHyYf0S3bVVb/+N248p9fNvQ0bENywq"},"senderMessageKeys":[]}]