[{"senderKeyId":1932235089,"senderChainKey":{"iteration":8,"seed":"pofAhgrV7E/Ti1gN27UH73+62AM2JpCcABIOC5wlpE8="},"senderSigningKey":{"public":"BSuNBQnHE/lHpoalklRB+FAggMbYMvLDOI2VlE655+wn"},"senderMessageKeys":[]},{"senderKeyId":1932235089,"senderChainKey":{"iteration":6,"seed":"JUJQBeRSwtLr48lyCs/8VJKbg8hx8Y/1r/WOsPomCDE="},"senderSigningKey":{"public":"BSuNBQnHE/lHpoalklRB+FAggMbYMvLDOI2VlE655+wn"},"senderMessageKeys":[]},{"senderKeyId":1613933302,"senderChainKey":{"iteration":1,"seed":"aCzyPQbG8j5hrFB5l+/b1mNxThbb+zEe2gp2BsN4dM8="},"senderSigningKey":{"public":"BXeg/mFySYZe2xG8k+Cl304jbC2s+IT+GIU91n8NrqhY"},"senderMessageKeys":[]}]