[{"senderKeyId":62837993,"senderChainKey":{"iteration":62,"seed":"yhrSeszecG5HfLlohxzs/VlmZg5zoH/PS6M6/cHnHRo="},"senderSigningKey":{"public":"BXb0VJiKw9iCERI4jrco0ucQKJKa+2FB0FJRn5USHw5R"},"senderMessageKeys":[]},{"senderKeyId":175403618,"senderChainKey":{"iteration":9,"seed":"i4vsUTuC/HKR8Xf9ukUBs0nw8YdWw3DJiwAB9joDJTg="},"senderSigningKey":{"public":"BUSTM8n6+nhrB1SokxWAhtNrrVHUez6slmE7DnZVAE1G"},"senderMessageKeys":[]},{"senderKeyId":175403618,"senderChainKey":{"iteration":7,"seed":"Zf43/CB+1jEYONnfS4uDj2D35bzY+tK0ZUaYwUoOMCs="},"senderSigningKey":{"public":"BUSTM8n6+nhrB1SokxWAhtNrrVHUez6slmE7DnZVAE1G"},"senderMessageKeys":[]},{"senderKeyId":1752865247,"senderChainKey":{"iteration":15,"seed":"iJuW7IxZDUtsGMWHymb8pXJ6tGFCntYBlJCXb99n5y4="},"senderSigningKey":{"public":"BQppKGrHVq3nao/PPj2kQvfzajpHV+7YtWvNL/7nuaBT"},"senderMessageKeys":[]},{"senderKeyId":93188625,"senderChainKey":{"iteration":6,"seed":"qkOT2BA/MlOi6YjiXgcTiak34N2vvnZkFI5SMT/H4ek="},"senderSigningKey":{"public":"BecdGBPu9HX0fag1PACxn1q9f7uU9PIbw4c7manJMioI"},"senderMessageKeys":[]}]