[{"senderKeyId":885203904,"senderChainKey":{"iteration":0,"seed":"O0OZ7C+Hq5yfUnaJwSl2KooaZOkiECIFFQ0PdMlbZ0Q="},"senderSigningKey":{"public":"BWd/qe9iag9fMRs+teMr0v02TDYvlzZG/JuO0OMGsycy"},"senderMessageKeys":[]},{"senderKeyId":49825728,"senderChainKey":{"iteration":0,"seed":"nQJwrFqB6wU2BqZ+kkdikH75wwUQSSw822FWXkm3c6o="},"senderSigningKey":{"public":"BaQU4fHc5LNo0vImZZTFPWIxscz1OfGk0pchcBQWf1F2"},"senderMessageKeys":[]},{"senderKeyId":963983180,"senderChainKey":{"iteration":1,"seed":"0dllN9nDLJWDXD4OGbqugOMhqTjjILcGTT+vQbfsFFs="},"senderSigningKey":{"public":"BYGUcfTcrUnrkbBtlHAgVnIUTALSdOjLkTEleoa8pfRM"},"senderMessageKeys":[]},{"senderKeyId":1948854850,"senderChainKey":{"iteration":2,"seed":"47VOp9HULuPfgY1YHtyjxu0ecjMo7hC6+2T9klmkwpQ="},"senderSigningKey":{"public":"BUkuV3JmVxiVxRDC9ZH2ZQYUQp0ERjAbmqmLg0XgkvpO"},"senderMessageKeys":[]}]