[{"senderKeyId":624621546,"senderChainKey":{"iteration":77,"seed":"aUSzE1SE1knxODSKjHrm1LXco+2704+iuIDB1rKxiHs="},"senderSigningKey":{"public":"Bb+bRHByGziHh4HoKvjy6L9+1ljsNmLp/+iFAHjPUa4d"},"senderMessageKeys":[{}]},{"senderKeyId":624621546,"senderChainKey":{"iteration":50,"seed":"5HdQGYFJ5RrIclHnJFO1QCfj80WZuTl8xpVmTx34mIM="},"senderSigningKey":{"public":"Bb+bRHByGziHh4HoKvjy6L9+1ljsNmLp/+iFAHjPUa4d"},"senderMessageKeys":[]},{"senderKeyId":1135994595,"senderChainKey":{"iteration":1,"seed":"pIIGx2bUPcugvpZnarcS3N0gG1kRuhqmVSUkXqvAPyY="},"senderSigningKey":{"public":"Babkp/GktjNF3TfwoxcSF4Vt0g2i8FmpO2VrOJez1H97"},"senderMessageKeys":[]},{"senderKeyId":2078157201,"senderChainKey":{"iteration":3,"seed":"PqZtTCA2QpzCBK8UrUtOJt1ADvYWNMIn72k4YtaFm6Q="},"senderSigningKey":{"public":"BZ6z88BLIM7SRUXKFMkEhSqJfF/SkTsA/ffAjwOSzjUS"},"senderMessageKeys":[]},{"senderKeyId":2013675097,"senderChainKey":{"iteration":4,"seed":"WAztvPzADcSWoSb4PS8UGbdyeySdgiW48G+EjXCeaPo="},"senderSigningKey":{"public":"Bczh2y5Haq4+E6xKQXvw/0EW9Vb3KKo6+vwuMJH488Ba"},"senderMessageKeys":[]}]