[{"senderKeyId":392984410,"senderChainKey":{"iteration":2,"seed":"iiA8oVE4dFo9bwalyLGncWhYLB896UyhSf9WSZ+zsEU="},"senderSigningKey":{"public":"BRn9+35bJlD3gxPrHNVEGu2933RfIwZ3ijfigrnpWsNQ"},"senderMessageKeys":[]},{"senderKeyId":392984410,"senderChainKey":{"iteration":1,"seed":"r2ht3bPrRyQd41HlBsu6VaW0lhbVkEPGnl8ItzPAlzg="},"senderSigningKey":{"public":"BRn9+35bJlD3gxPrHNVEGu2933RfIwZ3ijfigrnpWsNQ"},"senderMessageKeys":[]},{"senderKeyId":1905767997,"senderChainKey":{"iteration":5,"seed":"7GL3k99fTslAFJSD0iL7I3JAPIZHquQoIfjIVuXf3A4="},"senderSigningKey":{"public":"BZslTQFkDZ0ZfI9GeITFah5TxCthqM5thtgzT+CRnnxH"},"senderMessageKeys":[]},{"senderKeyId":2073563626,"senderChainKey":{"iteration":6,"seed":"UUPI0YkutKciMZ7oNB/eC/ZekSXOr0EeniUUHrOQ8LQ="},"senderSigningKey":{"public":"BXgOJ6y8Dxx9qjMDFG6jYFzT/9WBw032Bw+k828tcEtK"},"senderMessageKeys":[]},{"senderKeyId":583727499,"senderChainKey":{"iteration":7,"seed":"VIyNegkUYzzD5sFrYQxgZXgkQlrQOlcTwxS5FYxM11g="},"senderSigningKey":{"public":"Bb8BAVUb3o2h3nVBWYrUnsMyNbBHObJLpZyFyt7yR9k/"},"senderMessageKeys":[]}]