[{"senderKeyId":792405693,"senderChainKey":{"iteration":19,"seed":"Hvq3qODyH7fSeOBJ6JCokyP6s1qTP+Oh49oBbuc92UA="},"senderSigningKey":{"public":"BaTJW3TmBhrhcXDo8Pvn5Rgy41vA5IqYI/lr9bmhD100"},"senderMessageKeys":[]},{"senderKeyId":792405693,"senderChainKey":{"iteration":1,"seed":"yg5ZMaKFg+dtfg2fV6Pm76hD5kANWZWMHqL7Ld9X1b4="},"senderSigningKey":{"public":"BaTJW3TmBhrhcXDo8Pvn5Rgy41vA5IqYI/lr9bmhD100"},"senderMessageKeys":[]},{"senderKeyId":792405693,"senderChainKey":{"iteration":3,"seed":"OaFPe/JaGAJPEkN8VfMyeBzcCw95kOXFEJFKWvscDwQ="},"senderSigningKey":{"public":"BaTJW3TmBhrhcXDo8Pvn5Rgy41vA5IqYI/lr9bmhD100"},"senderMessageKeys":[]},{"senderKeyId":137198663,"senderChainKey":{"iteration":2,"seed":"o826xP12HMwz1GcN4ZW6kdQO9dgztoUT1xTTTuMOoUc="},"senderSigningKey":{"public":"BVtK6jH1A0n9axO6XFkqEJvQeWcYiJvNdvn/panVxYpO"},"senderMessageKeys":[]}]