[{"senderKeyId":1896620662,"senderChainKey":{"iteration":0,"seed":"UQlaaIwWmH6hH5JqqfTWnIsZEhTzzjzlhwbaBllAdZY="},"senderSigningKey":{"public":"BewPBZGLp2HNkfmeZtKSPMaf4T+E/GOLWAQErz2wygUt"},"senderMessageKeys":[]},{"senderKeyId":1693836398,"senderChainKey":{"iteration":1,"seed":"k0VAomsQ9rQm2Lr4+SNeOTHGwwL/yIpOUGyTzV03pec="},"senderSigningKey":{"public":"BeTH2cyn1+ycDutQPcFFqmnGSKMt8ud0dZyq+V1zDJYK"},"senderMessageKeys":[]},{"senderKeyId":1495689349,"senderChainKey":{"iteration":1,"seed":"NDw9hOWZJ8Lw8EnaqbNzNFIMKZUOG9mbyfQgEUL2KLk="},"senderSigningKey":{"public":"BZkailg0d0/OSciVE3rp+WEFi0rqLrx2BdbY7GK9vJBE"},"senderMessageKeys":[]}]