[{"senderKeyId":1553762062,"senderChainKey":{"iteration":24,"seed":"DVTYyujyQQW7AWKZeAocXZRAELV26GTDCEqy6LzH3qE="},"senderSigningKey":{"public":"Baz6YNCFQQtOts+TdBNO3LoNCoWQN/5heSKH4tpyYpt9"},"senderMessageKeys":[]},{"senderKeyId":1089661273,"senderChainKey":{"iteration":4,"seed":"fXhQ89RzuZj3hpB5yQeaunhyIh+KSOif5KL482XDBHo="},"senderSigningKey":{"public":"BZKFZpgDoU5PR55fvCkTSuFDXhF1k+2Tjr+XEOJnWggj"},"senderMessageKeys":[]},{"senderKeyId":1017156534,"senderChainKey":{"iteration":2,"seed":"udWzK+x1X+ZgIrzWJnr8WLx/IpxxuuY6h40nZpu5ei4="},"senderSigningKey":{"public":"BQqXuw2RNdMzOy3C3r14+vTYU9q5Layd0dY+BZEdugFA"},"senderMessageKeys":[]},{"senderKeyId":1679558923,"senderChainKey":{"iteration":1,"seed":"fx1UMlpwVKHdJXX+CGCYRkSoC+ge7AAoZP1wR0Yx8xk="},"senderSigningKey":{"public":"BUFzFrV6VuEJ0eiKOILdPg1TJfXSjpiHl1EEXgqCfiEF"},"senderMessageKeys":[]},{"senderKeyId":892888758,"senderChainKey":{"iteration":2,"seed":"/JBUadcJXpMCvt3pWigZgP3S1bQB/A3yfU7JIQnc6fc="},"senderSigningKey":{"public":"BdelEr+uCJfSF8dS35/EgABtFE7s5zsnzpEHCL0nEhlc"},"senderMessageKeys":[]}]