[{"senderKeyId":1615742707,"senderChainKey":{"iteration":4,"seed":"wfeb/OjZ/a42nXd1aeCiJSEEhNTb0DIBJq+3s5X4AQE="},"senderSigningKey":{"public":"BXs6h/jst7CfNrjdag7QdAPk5jyPWxJMF/tPnZUx8j96"},"senderMessageKeys":[]},{"senderKeyId":1615742707,"senderChainKey":{"iteration":3,"seed":"ne25aDjdRAYTZJ1pAz7VqUYXewmE+50VI1lQLqAq+nc="},"senderSigningKey":{"public":"BXs6h/jst7CfNrjdag7QdAPk5jyPWxJMF/tPnZUx8j96"},"senderMessageKeys":[]},{"senderKeyId":810001503,"senderChainKey":{"iteration":1,"seed":"6Pvq19Vo33HOqyzalsDzMOThJCP51Jw/su+CFipJoB8="},"senderSigningKey":{"public":"BZY5iPU7hH72nC2GBytOqbDujmIJHvoPSqxsmoKZX/RC"},"senderMessageKeys":[]},{"senderKeyId":1401770505,"senderChainKey":{"iteration":9,"seed":"20rumm6tR7looROiB837vf8BLgNdURGxBz4wLpXDcn8="},"senderSigningKey":{"public":"BZaCt9/RzbWDoxRe1zp0j+Bna+CsY8Et30ETS4yGsmB0"},"senderMessageKeys":[]},{"senderKeyId":1022932715,"senderChainKey":{"iteration":3,"seed":"xgCt6B07rWls67+OPJPqKSjeZ/msdgBSgHRnX9BRpIg="},"senderSigningKey":{"public":"BajkPQNiSQOeHDwMhoNyF6giO80EplftCfCHtEn7jFI9"},"senderMessageKeys":[]}]