[{"senderKeyId":1590660727,"senderChainKey":{"iteration":1,"seed":"ehkUZllWarllyaQHtMqRh+KDT7VDC9XdPKxcru8idoc="},"senderSigningKey":{"public":"BW5SQm+mcq2xtiAyc6NPBuwK0ft+Fx1GxG8esTBsQltY"},"senderMessageKeys":[]},{"senderKeyId":2067486036,"senderChainKey":{"iteration":1,"seed":"GaWcKYuZNGPuxd4SH7rkhLgXzb6K8a6JXw1L+x+Lc5g="},"senderSigningKey":{"public":"BfvuNticHiCl833BG22RNNXfsoMBL9mjyMsjprD3a5cr"},"senderMessageKeys":[]},{"senderKeyId":1149857089,"senderChainKey":{"iteration":1,"seed":"8u1NbH6b3W0YLfvBhe87sO8jbkHD1v1MOf5TgQ5zgFs="},"senderSigningKey":{"public":"BcKQxrvpHCrlbb2yAX37vyd6BLQT69fFcnQk7rxCQvAm"},"senderMessageKeys":[]},{"senderKeyId":1372164323,"senderChainKey":{"iteration":3,"seed":"wL/SHg0Y0LymyDlaJ5WZykC78iu2h51wIm5t5kFcCrU="},"senderSigningKey":{"public":"BcTywXTfLJdo9rHkOReXx65QF9EQX10wgIENfvEdjNol"},"senderMessageKeys":[]},{"senderKeyId":221654796,"senderChainKey":{"iteration":2,"seed":"laxCWqX6AeSjUDf1E02NqghNth7sDGTK3X454GZXB1g="},"senderSigningKey":{"public":"BRoNAyYY57h6BQk6fJ3qSfrpjSDru8qroylReMDvEQYW"},"senderMessageKeys":[]}]