[{"senderKeyId":1202538496,"senderChainKey":{"iteration":5,"seed":"TEkhrsR7Ee36RVBzj3adl2VjC3yeEE0t6xj5dHceTMk="},"senderSigningKey":{"public":"BXfaNM/ldYTJK3WZ9DDi02CdJQJLjy48YGePvJqocbBS"},"senderMessageKeys":[]},{"senderKeyId":2131456098,"senderChainKey":{"iteration":3,"seed":"1ZcpH1Hz6BR44VsldOke5HzTYbTm/Z9UvFTGB8Uujgc="},"senderSigningKey":{"public":"BZNOrnkcQKe1g0pn1yIvD8PlxVM5pTu3TEGiq4iQa0hm"},"senderMessageKeys":[]},{"senderKeyId":1664780779,"senderChainKey":{"iteration":3,"seed":"FOJV0XQIbrLSrFXrguVhx0PIGtXgDfpd9L8DdwsL6QM="},"senderSigningKey":{"public":"BY5n1RrjDwI+f2tDhsGhUTzYJhCJjOiLkcR1nmCuG1cX"},"senderMessageKeys":[]},{"senderKeyId":1084965134,"senderChainKey":{"iteration":6,"seed":"C6VfoRbPSq8noJ0ZGZYiYM1mg0hGTZj6jgw/4Ldl610="},"senderSigningKey":{"public":"BTJostMscsRTE0j5fZFcpCvuB0Rc0Ek5A27g8ChbZGM5"},"senderMessageKeys":[]},{"senderKeyId":1084965134,"senderChainKey":{"iteration":0,"seed":"S0SUBqp3JFS+4LjX+XdrtX45UeEH/IQVHClwt9VeEiE="},"senderSigningKey":{"public":"BTJostMscsRTE0j5fZFcpCvuB0Rc0Ek5A27g8ChbZGM5"},"senderMessageKeys":[]}]