[{"senderKeyId":917059574,"senderChainKey":{"iteration":3,"seed":"BscIsCUnHvQijHC2riLPyXwiEYr/Ez2lZoMYjFpGj2M="},"senderSigningKey":{"public":"BVbWJL4Zbduc9pFaWR7O5C8bJ5xLux0OzMdl3wNel+Ii"},"senderMessageKeys":[]},{"senderKeyId":917059574,"senderChainKey":{"iteration":1,"seed":"4AMl1p3LpGvCvSg7B2n1sR28HehcLmiRvLpj3Z6qfao="},"senderSigningKey":{"public":"BVbWJL4Zbduc9pFaWR7O5C8bJ5xLux0OzMdl3wNel+Ii"},"senderMessageKeys":[]},{"senderKeyId":190241636,"senderChainKey":{"iteration":1,"seed":"m9Kv/yMCzFyQs3KUmj+vrvYvAktTUJuL2qCxsFGJGV8="},"senderSigningKey":{"public":"BQD2Vl7l6IzVq8qh8OZfD1vYhXoMJYBY+sJxNP7yqh1V"},"senderMessageKeys":[]},{"senderKeyId":84867095,"senderChainKey":{"iteration":16,"seed":"p7qivp0W80+VaBvRgjf/POBL165UDG4l2rjBWwM1tiw="},"senderSigningKey":{"public":"BWEeauUsOmcsrTP76hia5PH8ebk/7GDW9GzZTIcHi7ZV"},"senderMessageKeys":[{}]},{"senderKeyId":242773495,"senderChainKey":{"iteration":29,"seed":"hbyUdYpuTJIugyiEYRTO9Xjg5/JZG3KbJU3vz04uMsk="},"senderSigningKey":{"public":"BTJKMMnO5eUi3P7EX7jwMN/HDwVZCHGNlE8qMDkXtiMZ"},"senderMessageKeys":[]}]