[{"senderKeyId":1116275318,"senderChainKey":{"iteration":2,"seed":"SffLSrJO/zsQiHukciAgL5lKc9lXjIpdCG8183SceKk="},"senderSigningKey":{"public":"BQ7ukNS3PS46oW8oEE05mo9XHykai9NDsVxgio202aNj"},"senderMessageKeys":[]},{"senderKeyId":1771749584,"senderChainKey":{"iteration":3,"seed":"qd9tuFpgHpXWulhLcTtnEh6hRQJYbeOgM/L055P1o/c="},"senderSigningKey":{"public":"Bcg6E45Y6dmi8oHLp6jbO1DN+XXaVCc78CQW+oCfgj94"},"senderMessageKeys":[]},{"senderKeyId":1097985198,"senderChainKey":{"iteration":1,"seed":"zlFI4IE0nvn2aDIjt1OKjz+pD2XcOqIqohOuz36R6b4="},"senderSigningKey":{"public":"BTcgghtPCR3kK94gUbm6onYlmwXH84XpWUYNt6hBe1MR"},"senderMessageKeys":[]},{"senderKeyId":626237833,"senderChainKey":{"iteration":1,"seed":"hAR2hMZvqp7LwEArvt+rcjGxcYXxI0wpJOHIIHLmtzI="},"senderSigningKey":{"public":"BZ5xRPMH1kic4abaSCzuFEIPYW/G0FIPiaE8vHhdpChx"},"senderMessageKeys":[]},{"senderKeyId":1975945783,"senderChainKey":{"iteration":1,"seed":"59sT8StqRvZnXVQn4aQ+60TQC/QzysSSYXv2AUEhZTo="},"senderSigningKey":{"public":"Baqrk3Q44pbETY72FqTsdecQQds2TlFB9QXkVhh6tlVk"},"senderMessageKeys":[]}]