[{"senderKeyId":1942577394,"senderChainKey":{"iteration":45,"seed":"24+19Hhl2Dd6RCLtDw60I1YvcpjBH+MNWUJYWP4N4Y4="},"senderSigningKey":{"public":"BRevld332iXKOjMUgI289jbRZm7D7iF/NrLoaUiP/t0n"},"senderMessageKeys":[]},{"senderKeyId":540914625,"senderChainKey":{"iteration":4,"seed":"MHdjlbB7Um1wZk/ToQ0fWWaCFllFX2cRsPjcbxyNdoY="},"senderSigningKey":{"public":"BRZtIY6xugZuq9JHqXFImfooxEnBI8y444eR4Qu5/5BH"},"senderMessageKeys":[]},{"senderKeyId":1157468376,"senderChainKey":{"iteration":14,"seed":"cUlV+c2C4+8ZYB+co1m4wX1GXO+gUvwZCuYTRP4qNiw="},"senderSigningKey":{"public":"BVWdylj5jo3wvzF2Xrsj+fJQhFwfs+xHkS3fFY1hXEZ2"},"senderMessageKeys":[]},{"senderKeyId":1958377296,"senderChainKey":{"iteration":24,"seed":"+kbiKyjvSpKOwxJRog4zLlsPSFrrpDe8we4WRFduXRU="},"senderSigningKey":{"public":"Bcw4zvarTNK3ie5FU7SzMRMN/ZV6xA3hcWvSRLkCJ8NP"},"senderMessageKeys":[]},{"senderKeyId":1958377296,"senderChainKey":{"iteration":0,"seed":"aJNVe6znZYUdFSph28eIRzMF10r3hVt0kcXrLLLB1V8="},"senderSigningKey":{"public":"Bcw4zvarTNK3ie5FU7SzMRMN/ZV6xA3hcWvSRLkCJ8NP"},"senderMessageKeys":[]}]