[{"senderKeyId":764771619,"senderChainKey":{"iteration":1,"seed":"vOYtcf4sRWaszh5OOHt1cJ4MrM6DsOHcbVYzoEOfLqo="},"senderSigningKey":{"public":"BR/d63ha48WMzPYTR3kelkMtfHOwsMydatsHz3cNT40v"},"senderMessageKeys":[]},{"senderKeyId":189210029,"senderChainKey":{"iteration":10,"seed":"hDsPaspEW55YRlFz2xawd7GBpWQsUI7a7y0XnbPcy18="},"senderSigningKey":{"public":"BUnZ9skc0J2ujA3jt4aIEjPnCnWrEC8qyYMqhIWDHAoH"},"senderMessageKeys":[]},{"senderKeyId":710785149,"senderChainKey":{"iteration":14,"seed":"+9fQghqW1Ko5CBUjqjM4quaHaHw4G1oFvW5p1d44nYU="},"senderSigningKey":{"public":"BYUezbVi2WmnU26jAbDDjNf/8WWYgI7/F9EgwGPNBSN6"},"senderMessageKeys":[]},{"senderKeyId":493364222,"senderChainKey":{"iteration":7,"seed":"r1r1Hb++GSe7dxUnRvV7SHlrRD8Iw6rqVBAkemkVR3M="},"senderSigningKey":{"public":"BVUMLdGaMpU9QX5mWs7gju5oWk1DkpwX9PeIKndpD3tf"},"senderMessageKeys":[]},{"senderKeyId":493364222,"senderChainKey":{"iteration":4,"seed":"TBlamplbpbN0QUpIMEjiTtNadCV3sqkIwmlNoJE9UbU="},"senderSigningKey":{"public":"BVUMLdGaMpU9QX5mWs7gju5oWk1DkpwX9PeIKndpD3tf"},"senderMessageKeys":[]}]