[{"senderKeyId":1422169752,"senderChainKey":{"iteration":0,"seed":"BzCHU6oJWSG+t0QqmTw1cHi64EGB5AUBfgnsVq5JMLI="},"senderSigningKey":{"public":"BVyyg0TB/Rq7n2V4vDyxFNVua03tUg7++Su4bQvyUXRW"},"senderMessageKeys":[]},{"senderKeyId":1234475590,"senderChainKey":{"iteration":1,"seed":"j38sAowcWGMRSrChJjlkfjeAq5wjtRimwxmE5sqwvMY="},"senderSigningKey":{"public":"BfRVIz6NHgOQxC80Ilsp6fR+Pldzp4gdUHzgyMHp9DMg"},"senderMessageKeys":[]},{"senderKeyId":216217821,"senderChainKey":{"iteration":1,"seed":"h0vhA/F8h5larukcB5Y7uojuQXUb0UXZiMiFRrwcXfk="},"senderSigningKey":{"public":"BUdGNP/nB/bIRVifdNlL3Vb6bWOWgosz/kQNAlE2BeNZ"},"senderMessageKeys":[]},{"senderKeyId":2067514503,"senderChainKey":{"iteration":6,"seed":"8AEJ1t4mEm7ylM78Glh4YhlRL6F6/owTBG4oSJKCZU0="},"senderSigningKey":{"public":"BY7+wajwdRpMT3QO302qQHcXhfIRJ1AzRg0UuOqiTSZq"},"senderMessageKeys":[]},{"senderKeyId":2067514503,"senderChainKey":{"iteration":5,"seed":"VUIAwGMyvTbPqZsOjcY/QtQZDGhe4RAm7CyrwrYkhpc="},"senderSigningKey":{"public":"BY7+wajwdRpMT3QO302qQHcXhfIRJ1AzRg0UuOqiTSZq"},"senderMessageKeys":[]}]